sourcePath,label,href,resolvedPath,classification,status,notes
/,,/,/,INTERNAL,200,
/,Altify,/work/altify,/work/altify,INTERNAL,200,
/,Circuit,/work/circuit,/work/circuit,INTERNAL,200,
/,Oxipack,/work/oxipack,/work/oxipack,INTERNAL,200,
/,Packages,/packages,/packages,INTERNAL,200,
/,Dreamlab,/blog,/blog,INTERNAL,200,
/,Book an application callBook a Call,/contact,/contact,INTERNAL,200,
/,Home,/,/,INTERNAL,200,
/,Dreamlab,/blog,/blog,INTERNAL,200,
/,Pricing,/packages,/packages,INTERNAL,200,
/,Altify,/work/altify,/work/altify,INTERNAL,200,
/,Circuit,/work/circuit,/work/circuit,INTERNAL,200,
/,Oxipack,/work/oxipack,/work/oxipack,INTERNAL,200,
/,Book an application call,/contact,/contact,INTERNAL,200,
/,Check your brand's credibility,/scorecard,/scorecard,INTERNAL,200,
/,,https://altify.app/,,EXTERNAL,,
/,,https://sataya.io/,,EXTERNAL,,
/,,https://circuitprotect.com/,,EXTERNAL,,
/,,https://www.blueknight.io/,,EXTERNAL,,
/,,https://www.usably.studio/,,EXTERNAL,,
/,,https://www.lathyrus.io/,,EXTERNAL,,
/,,https://www.lathyrus.io/,,EXTERNAL,,
/,,https://www.designfocus.io/,,EXTERNAL,,
/,,https://www.emprise.co.za/,,EXTERNAL,,
/,Learn more,/contact,/contact,INTERNAL,200,
/,Learn more,/contact,/contact,INTERNAL,200,
/,Learn more,/contact,/contact,INTERNAL,200,
/,Learn more,/contact,/contact,INTERNAL,200,
/,Learn more,/contact,/contact,INTERNAL,200,
/,Book an application call,/contact,/contact,INTERNAL,200,
/,Check my brand's credibility,/scorecard,/scorecard,INTERNAL,200,
/,Read the full case study,/work/oxipack,/work/oxipack,INTERNAL,200,
/,Book an application call,/contact,/contact,INTERNAL,200,
/,About,/about,/about,INTERNAL,200,
/,What we do,/#what-we-do,/,INTERNAL,200,
/,Work / Case studies,/work,/work,INTERNAL,200,
/,Brand Credibility Scorecard,/scorecard,/scorecard,INTERNAL,200,
/,Contact,/contact,/contact,INTERNAL,200,
/,LinkedIn,https://www.linkedin.com/company/nexubis/,,EXTERNAL,,
/,Instagram,https://www.instagram.com/nexubis.design/,,EXTERNAL,,
/about,,/,/,INTERNAL,200,
/about,Altify,/work/altify,/work/altify,INTERNAL,200,
/about,Circuit,/work/circuit,/work/circuit,INTERNAL,200,
/about,Oxipack,/work/oxipack,/work/oxipack,INTERNAL,200,
/about,Packages,/packages,/packages,INTERNAL,200,
/about,Dreamlab,/blog,/blog,INTERNAL,200,
/about,Book an application callBook a Call,/contact,/contact,INTERNAL,200,
/about,Home,/,/,INTERNAL,200,
/about,Dreamlab,/blog,/blog,INTERNAL,200,
/about,Pricing,/packages,/packages,INTERNAL,200,
/about,Altify,/work/altify,/work/altify,INTERNAL,200,
/about,Circuit,/work/circuit,/work/circuit,INTERNAL,200,
/about,Oxipack,/work/oxipack,/work/oxipack,INTERNAL,200,
/about,About,/about,/about,INTERNAL,200,
/about,What we do,/#what-we-do,/,INTERNAL,200,
/about,Work / Case studies,/work,/work,INTERNAL,200,
/about,Brand Credibility Scorecard,/scorecard,/scorecard,INTERNAL,200,
/about,Contact,/contact,/contact,INTERNAL,200,
/about,LinkedIn,https://www.linkedin.com/company/nexubis/,,EXTERNAL,,
/about,Instagram,https://www.instagram.com/nexubis.design/,,EXTERNAL,,
/blog,,/,/,INTERNAL,200,
/blog,Altify,/work/altify,/work/altify,INTERNAL,200,
/blog,Circuit,/work/circuit,/work/circuit,INTERNAL,200,
/blog,Oxipack,/work/oxipack,/work/oxipack,INTERNAL,200,
/blog,Packages,/packages,/packages,INTERNAL,200,
/blog,Dreamlab,/blog,/blog,INTERNAL,200,
/blog,Book an application callBook a Call,/contact,/contact,INTERNAL,200,
/blog,Home,/,/,INTERNAL,200,
/blog,Dreamlab,/blog,/blog,INTERNAL,200,
/blog,Pricing,/packages,/packages,INTERNAL,200,
/blog,Altify,/work/altify,/work/altify,INTERNAL,200,
/blog,Circuit,/work/circuit,/work/circuit,INTERNAL,200,
/blog,Oxipack,/work/oxipack,/work/oxipack,INTERNAL,200,
/blog,Featured,/post/the-nexubis-effect,/post/the-nexubis-effect,INTERNAL,200,
/blog,The Nexubis Effect,/post/the-nexubis-effect,/post/the-nexubis-effect,INTERNAL,200,
/blog,Read full article→,/post/the-nexubis-effect,/post/the-nexubis-effect,INTERNAL,200,
/blog,Featured,/post/circuit-securing-nexubis,/post/circuit-securing-nexubis,INTERNAL,200,
/blog,Circuit: Securing Nexubis,/post/circuit-securing-nexubis,/post/circuit-securing-nexubis,INTERNAL,200,
/blog,Read full article→,/post/circuit-securing-nexubis,/post/circuit-securing-nexubis,INTERNAL,200,
/blog,Featured,/post/oxipack-empowering-nexubis,/post/oxipack-empowering-nexubis,INTERNAL,200,
/blog,Oxipack: Funding Nexubis,/post/oxipack-empowering-nexubis,/post/oxipack-empowering-nexubis,INTERNAL,200,
/blog,Read full article→,/post/oxipack-empowering-nexubis,/post/oxipack-empowering-nexubis,INTERNAL,200,
/blog,Featured,/post/altify-empowering-nexubis,/post/altify-empowering-nexubis,INTERNAL,200,
/blog,Altify: Empowering Nexubis,/post/altify-empowering-nexubis,/post/altify-empowering-nexubis,INTERNAL,200,
/blog,Read full article→,/post/altify-empowering-nexubis,/post/altify-empowering-nexubis,INTERNAL,200,
/blog,,/post/ai-is-not-a-phase-its-an-era,/post/ai-is-not-a-phase-its-an-era,INTERNAL,200,
/blog,AI Is Not a Phase. It's an Era.,/post/ai-is-not-a-phase-its-an-era,/post/ai-is-not-a-phase-its-an-era,INTERNAL,200,
/blog,Read full article→,/post/ai-is-not-a-phase-its-an-era,/post/ai-is-not-a-phase-its-an-era,INTERNAL,200,
/blog,,/post/metamorphosis,/post/metamorphosis,INTERNAL,200,
/blog,Metamorphosis,/post/metamorphosis,/post/metamorphosis,INTERNAL,200,
/blog,Read full article→,/post/metamorphosis,/post/metamorphosis,INTERNAL,200,
/blog,,/post/beyond-the-eu30-000,/post/beyond-the-eu30-000,INTERNAL,200,
/blog,Beyond the €30 000,/post/beyond-the-eu30-000,/post/beyond-the-eu30-000,INTERNAL,200,
/blog,Read full article→,/post/beyond-the-eu30-000,/post/beyond-the-eu30-000,INTERNAL,200,
/blog,,/post/the-cost-of-refusing-to-adapt,/post/the-cost-of-refusing-to-adapt,INTERNAL,200,
/blog,The Cost of Refusing to Adapt,/post/the-cost-of-refusing-to-adapt,/post/the-cost-of-refusing-to-adapt,INTERNAL,200,
/blog,Read full article→,/post/the-cost-of-refusing-to-adapt,/post/the-cost-of-refusing-to-adapt,INTERNAL,200,
/blog,,/post/the-gold-bar-theory,/post/the-gold-bar-theory,INTERNAL,200,
/blog,The Gold Bar Theory,/post/the-gold-bar-theory,/post/the-gold-bar-theory,INTERNAL,200,
/blog,Read full article→,/post/the-gold-bar-theory,/post/the-gold-bar-theory,INTERNAL,200,
/blog,,/post/partnership-over-transaction,/post/partnership-over-transaction,INTERNAL,200,
/blog,Partnership Over Transaction,/post/partnership-over-transaction,/post/partnership-over-transaction,INTERNAL,200,
/blog,Read full article→,/post/partnership-over-transaction,/post/partnership-over-transaction,INTERNAL,200,
/blog,,/post/impact-builds-network,/post/impact-builds-network,INTERNAL,200,
/blog,Impact Builds Network,/post/impact-builds-network,/post/impact-builds-network,INTERNAL,200,
/blog,Read full article→,/post/impact-builds-network,/post/impact-builds-network,INTERNAL,200,
/blog,,/post/just-do-it,/post/just-do-it,INTERNAL,200,
/blog,Just Do It,/post/just-do-it,/post/just-do-it,INTERNAL,200,
/blog,Read full article→,/post/just-do-it,/post/just-do-it,INTERNAL,200,
/blog,,/post/my-1st-biggest-mistake,/post/my-1st-biggest-mistake,INTERNAL,200,
/blog,My 1st Biggest Mistake,/post/my-1st-biggest-mistake,/post/my-1st-biggest-mistake,INTERNAL,200,
/blog,Read full article→,/post/my-1st-biggest-mistake,/post/my-1st-biggest-mistake,INTERNAL,200,
/blog,,/post/the-power-of-linkedin,/post/the-power-of-linkedin,INTERNAL,200,
/blog,The Power of LinkedIn,/post/the-power-of-linkedin,/post/the-power-of-linkedin,INTERNAL,200,
/blog,Read full article→,/post/the-power-of-linkedin,/post/the-power-of-linkedin,INTERNAL,200,
/blog,,/post/how-to-not-suck-at-job-applications,/post/how-to-not-suck-at-job-applications,INTERNAL,200,
/blog,How to not suck at job applications,/post/how-to-not-suck-at-job-applications,/post/how-to-not-suck-at-job-applications,INTERNAL,200,
/blog,Read full article→,/post/how-to-not-suck-at-job-applications,/post/how-to-not-suck-at-job-applications,INTERNAL,200,
/blog,,/post/momentum-fever,/post/momentum-fever,INTERNAL,200,
/blog,Momentum Fever,/post/momentum-fever,/post/momentum-fever,INTERNAL,200,
/blog,Read full article→,/post/momentum-fever,/post/momentum-fever,INTERNAL,200,
/blog,,/post/keep-positioning-yourself,/post/keep-positioning-yourself,INTERNAL,200,
/blog,Keep positioning yourself,/post/keep-positioning-yourself,/post/keep-positioning-yourself,INTERNAL,200,
/blog,Read full article→,/post/keep-positioning-yourself,/post/keep-positioning-yourself,INTERNAL,200,
/blog,,/post/new-years-resolutions,/post/new-years-resolutions,INTERNAL,200,
/blog,New Year’s Resolutions,/post/new-years-resolutions,/post/new-years-resolutions,INTERNAL,200,
/blog,Read full article→,/post/new-years-resolutions,/post/new-years-resolutions,INTERNAL,200,
/blog,,/post/goals-vs-movement,/post/goals-vs-movement,INTERNAL,200,
/blog,Goals vs. Movement,/post/goals-vs-movement,/post/goals-vs-movement,INTERNAL,200,
/blog,Read full article→,/post/goals-vs-movement,/post/goals-vs-movement,INTERNAL,200,
/blog,,/post/2025-in-retrospect,/post/2025-in-retrospect,INTERNAL,200,
/blog,2025 In Retrospect,/post/2025-in-retrospect,/post/2025-in-retrospect,INTERNAL,200,
/blog,Read full article→,/post/2025-in-retrospect,/post/2025-in-retrospect,INTERNAL,200,
/blog,,/post/long-term-greed,/post/long-term-greed,INTERNAL,200,
/blog,Long-Term Greed,/post/long-term-greed,/post/long-term-greed,INTERNAL,200,
/blog,Read full article→,/post/long-term-greed,/post/long-term-greed,INTERNAL,200,
/blog,,/post/dick-proves-the-agency-stereotype,/post/dick-proves-the-agency-stereotype,INTERNAL,200,
/blog,Dick Proves the Agency Stereotype,/post/dick-proves-the-agency-stereotype,/post/dick-proves-the-agency-stereotype,INTERNAL,200,
/blog,Read full article→,/post/dick-proves-the-agency-stereotype,/post/dick-proves-the-agency-stereotype,INTERNAL,200,
/blog,,/post/striving-for-culinary-perfection,/post/striving-for-culinary-perfection,INTERNAL,200,
/blog,Striving for “Culinary” Perfection,/post/striving-for-culinary-perfection,/post/striving-for-culinary-perfection,INTERNAL,200,
/blog,Read full article→,/post/striving-for-culinary-perfection,/post/striving-for-culinary-perfection,INTERNAL,200,
/blog,,/post/the-walter-mitty-effect,/post/the-walter-mitty-effect,INTERNAL,200,
/blog,The Walter Mitty Effect,/post/the-walter-mitty-effect,/post/the-walter-mitty-effect,INTERNAL,200,
/blog,Read full article→,/post/the-walter-mitty-effect,/post/the-walter-mitty-effect,INTERNAL,200,
/blog,,/post/the-discipline-of-quitting,/post/the-discipline-of-quitting,INTERNAL,200,
/blog,The Discipline of Quitting,/post/the-discipline-of-quitting,/post/the-discipline-of-quitting,INTERNAL,200,
/blog,Read full article→,/post/the-discipline-of-quitting,/post/the-discipline-of-quitting,INTERNAL,200,
/blog,,/post/empowering-women-with-project-flamingo,/post/empowering-women-with-project-flamingo,INTERNAL,200,
/blog,Empowering Women with Project Flamingo,/post/empowering-women-with-project-flamingo,/post/empowering-women-with-project-flamingo,INTERNAL,200,
/blog,Read full article→,/post/empowering-women-with-project-flamingo,/post/empowering-women-with-project-flamingo,INTERNAL,200,
/blog,,/post/the-legendary-play,/post/the-legendary-play,INTERNAL,200,
/blog,The Legendary Play,/post/the-legendary-play,/post/the-legendary-play,INTERNAL,200,
/blog,Read full article→,/post/the-legendary-play,/post/the-legendary-play,INTERNAL,200,
/blog,,/post/keep-firing-yourself-part-2,/post/keep-firing-yourself-part-2,INTERNAL,200,
/blog,Keep Firing Yourself (Part 2),/post/keep-firing-yourself-part-2,/post/keep-firing-yourself-part-2,INTERNAL,200,
/blog,Read full article→,/post/keep-firing-yourself-part-2,/post/keep-firing-yourself-part-2,INTERNAL,200,
/blog,,/post/skip-the-ladder-join-a-startup,/post/skip-the-ladder-join-a-startup,INTERNAL,200,
/blog,Skip the Ladder. Join a Startup.,/post/skip-the-ladder-join-a-startup,/post/skip-the-ladder-join-a-startup,INTERNAL,200,
/blog,Read full article→,/post/skip-the-ladder-join-a-startup,/post/skip-the-ladder-join-a-startup,INTERNAL,200,
/blog,,/post/fresh-out-of-college-now-what,/post/fresh-out-of-college-now-what,INTERNAL,200,
/blog,Fresh Out of College… Now What?,/post/fresh-out-of-college-now-what,/post/fresh-out-of-college-now-what,INTERNAL,200,
/blog,Read full article→,/post/fresh-out-of-college-now-what,/post/fresh-out-of-college-now-what,INTERNAL,200,
/blog,,/post/for-professionals-by-professionals,/post/for-professionals-by-professionals,INTERNAL,200,
/blog,"For Professionals, By Professionals",/post/for-professionals-by-professionals,/post/for-professionals-by-professionals,INTERNAL,200,
/blog,Read full article→,/post/for-professionals-by-professionals,/post/for-professionals-by-professionals,INTERNAL,200,
/blog,,/post/pick-your-battles,/post/pick-your-battles,INTERNAL,200,
/blog,Pick Your Battles,/post/pick-your-battles,/post/pick-your-battles,INTERNAL,200,
/blog,Read full article→,/post/pick-your-battles,/post/pick-your-battles,INTERNAL,200,
/blog,,/post/make-it-memorable,/post/make-it-memorable,INTERNAL,200,
/blog,Make It Memorable,/post/make-it-memorable,/post/make-it-memorable,INTERNAL,200,
/blog,Read full article→,/post/make-it-memorable,/post/make-it-memorable,INTERNAL,200,
/blog,,/post/your-perception-is-your-reality,/post/your-perception-is-your-reality,INTERNAL,200,
/blog,Your Perception Is Your Reality,/post/your-perception-is-your-reality,/post/your-perception-is-your-reality,INTERNAL,200,
/blog,Read full article→,/post/your-perception-is-your-reality,/post/your-perception-is-your-reality,INTERNAL,200,
/blog,,/post/make-complex-simple,/post/make-complex-simple,INTERNAL,200,
/blog,Make Complex Simple,/post/make-complex-simple,/post/make-complex-simple,INTERNAL,200,
/blog,Read full article→,/post/make-complex-simple,/post/make-complex-simple,INTERNAL,200,
/blog,,/post/10-better-or-dont-bother,/post/10-better-or-dont-bother,INTERNAL,200,
/blog,10% Better or Don’t Bother,/post/10-better-or-dont-bother,/post/10-better-or-dont-bother,INTERNAL,200,
/blog,Read full article→,/post/10-better-or-dont-bother,/post/10-better-or-dont-bother,INTERNAL,200,
/blog,,/post/the-disruption,/post/the-disruption,INTERNAL,200,
/blog,The Disruption,/post/the-disruption,/post/the-disruption,INTERNAL,200,
/blog,Read full article→,/post/the-disruption,/post/the-disruption,INTERNAL,200,
/blog,,/post/the-personal-belief-vs-ai-paradox,/post/the-personal-belief-vs-ai-paradox,INTERNAL,200,
/blog,The Personal Belief vs. AI Paradox,/post/the-personal-belief-vs-ai-paradox,/post/the-personal-belief-vs-ai-paradox,INTERNAL,200,
/blog,Read full article→,/post/the-personal-belief-vs-ai-paradox,/post/the-personal-belief-vs-ai-paradox,INTERNAL,200,
/blog,,/post/straight-line-thinking,/post/straight-line-thinking,INTERNAL,200,
/blog,Straight Line Thinking,/post/straight-line-thinking,/post/straight-line-thinking,INTERNAL,200,
/blog,Read full article→,/post/straight-line-thinking,/post/straight-line-thinking,INTERNAL,200,
/blog,,/post/the-builders-will-survive,/post/the-builders-will-survive,INTERNAL,200,
/blog,The Builders Will Survive,/post/the-builders-will-survive,/post/the-builders-will-survive,INTERNAL,200,
/blog,Read full article→,/post/the-builders-will-survive,/post/the-builders-will-survive,INTERNAL,200,
/blog,,/post/the-age-of-agi,/post/the-age-of-agi,INTERNAL,200,
/blog,The Age of AGI,/post/the-age-of-agi,/post/the-age-of-agi,INTERNAL,200,
/blog,Read full article→,/post/the-age-of-agi,/post/the-age-of-agi,INTERNAL,200,
/blog,,/post/youre-not-ready-for-whats-coming,/post/youre-not-ready-for-whats-coming,INTERNAL,200,
/blog,You’re Not Ready for What’s Coming,/post/youre-not-ready-for-whats-coming,/post/youre-not-ready-for-whats-coming,INTERNAL,200,
/blog,Read full article→,/post/youre-not-ready-for-whats-coming,/post/youre-not-ready-for-whats-coming,INTERNAL,200,
/blog,,/post/automation-is-not-the-enemy,/post/automation-is-not-the-enemy,INTERNAL,200,
/blog,Automation Is Not the Enemy,/post/automation-is-not-the-enemy,/post/automation-is-not-the-enemy,INTERNAL,200,
/blog,Read full article→,/post/automation-is-not-the-enemy,/post/automation-is-not-the-enemy,INTERNAL,200,
/blog,,/post/the-new-creative-stack,/post/the-new-creative-stack,INTERNAL,200,
/blog,The New Creative Stack,/post/the-new-creative-stack,/post/the-new-creative-stack,INTERNAL,200,
/blog,Read full article→,/post/the-new-creative-stack,/post/the-new-creative-stack,INTERNAL,200,
/blog,,/post/solve-the-boring-problem-first,/post/solve-the-boring-problem-first,INTERNAL,200,
/blog,Solve the Boring Problem First,/post/solve-the-boring-problem-first,/post/solve-the-boring-problem-first,INTERNAL,200,
/blog,Read full article→,/post/solve-the-boring-problem-first,/post/solve-the-boring-problem-first,INTERNAL,200,
/blog,,/post/startups-dont-need-more-features,/post/startups-dont-need-more-features,INTERNAL,200,
/blog,Startups Don’t Need More Features,/post/startups-dont-need-more-features,/post/startups-dont-need-more-features,INTERNAL,200,
/blog,Read full article→,/post/startups-dont-need-more-features,/post/startups-dont-need-more-features,INTERNAL,200,
/blog,,/post/if-it-aint-broke-refine-it,/post/if-it-aint-broke-refine-it,INTERNAL,200,
/blog,If It Ain’t Broke… Refine It,/post/if-it-aint-broke-refine-it,/post/if-it-aint-broke-refine-it,INTERNAL,200,
/blog,Read full article→,/post/if-it-aint-broke-refine-it,/post/if-it-aint-broke-refine-it,INTERNAL,200,
/blog,,/post/dont-be-an-idiot-sandwich,/post/dont-be-an-idiot-sandwich,INTERNAL,200,
/blog,Don’t Be an Idiot Sandwich,/post/dont-be-an-idiot-sandwich,/post/dont-be-an-idiot-sandwich,INTERNAL,200,
/blog,Read full article→,/post/dont-be-an-idiot-sandwich,/post/dont-be-an-idiot-sandwich,INTERNAL,200,
/blog,,/post/do-something-useful,/post/do-something-useful,INTERNAL,200,
/blog,Do Something Useful,/post/do-something-useful,/post/do-something-useful,INTERNAL,200,
/blog,Read full article→,/post/do-something-useful,/post/do-something-useful,INTERNAL,200,
/blog,,/post/eat-the-rich,/post/eat-the-rich,INTERNAL,200,
/blog,Eat The Rich,/post/eat-the-rich,/post/eat-the-rich,INTERNAL,200,
/blog,Read full article→,/post/eat-the-rich,/post/eat-the-rich,INTERNAL,200,
/blog,,/post/startups-arent-a-family,/post/startups-arent-a-family,INTERNAL,200,
/blog,Startups Aren’t a Family,/post/startups-arent-a-family,/post/startups-arent-a-family,INTERNAL,200,
/blog,Read full article→,/post/startups-arent-a-family,/post/startups-arent-a-family,INTERNAL,200,
/blog,,/post/the-flex-package,/post/the-flex-package,INTERNAL,200,
/blog,The Flex Package,/post/the-flex-package,/post/the-flex-package,INTERNAL,200,
/blog,Read full article→,/post/the-flex-package,/post/the-flex-package,INTERNAL,200,
/blog,,/post/the-myth-of-the-perfect-hire,/post/the-myth-of-the-perfect-hire,INTERNAL,200,
/blog,The Myth of the Perfect Hire,/post/the-myth-of-the-perfect-hire,/post/the-myth-of-the-perfect-hire,INTERNAL,200,
/blog,Read full article→,/post/the-myth-of-the-perfect-hire,/post/the-myth-of-the-perfect-hire,INTERNAL,200,
/blog,,/post/resentment-is-a-symptom-of-poor-process,/post/resentment-is-a-symptom-of-poor-process,INTERNAL,200,
/blog,Resentment Is a Symptom of Poor Process,/post/resentment-is-a-symptom-of-poor-process,/post/resentment-is-a-symptom-of-poor-process,INTERNAL,200,
/blog,Read full article→,/post/resentment-is-a-symptom-of-poor-process,/post/resentment-is-a-symptom-of-poor-process,INTERNAL,200,
/blog,,/post/sell-the-slice-not-the-sauce,/post/sell-the-slice-not-the-sauce,INTERNAL,200,
/blog,"Sell the Slice, Not the Sauce",/post/sell-the-slice-not-the-sauce,/post/sell-the-slice-not-the-sauce,INTERNAL,200,
/blog,Read full article→,/post/sell-the-slice-not-the-sauce,/post/sell-the-slice-not-the-sauce,INTERNAL,200,
/blog,,/post/just-start-the-damn-thing,/post/just-start-the-damn-thing,INTERNAL,200,
/blog,Just Start the Damn Thing,/post/just-start-the-damn-thing,/post/just-start-the-damn-thing,INTERNAL,200,
/blog,Read full article→,/post/just-start-the-damn-thing,/post/just-start-the-damn-thing,INTERNAL,200,
/blog,,/post/rethinking-the-nexubis-trial,/post/rethinking-the-nexubis-trial,INTERNAL,200,
/blog,Rethinking the Nexubis Trial,/post/rethinking-the-nexubis-trial,/post/rethinking-the-nexubis-trial,INTERNAL,200,
/blog,Read full article→,/post/rethinking-the-nexubis-trial,/post/rethinking-the-nexubis-trial,INTERNAL,200,
/blog,,/post/dont-turn-into-a-robot,/post/dont-turn-into-a-robot,INTERNAL,200,
/blog,Don’t Turn Into a Robot,/post/dont-turn-into-a-robot,/post/dont-turn-into-a-robot,INTERNAL,200,
/blog,Read full article→,/post/dont-turn-into-a-robot,/post/dont-turn-into-a-robot,INTERNAL,200,
/blog,,/post/the-butterfly-effect,/post/the-butterfly-effect,INTERNAL,200,
/blog,The Butterfly Effect,/post/the-butterfly-effect,/post/the-butterfly-effect,INTERNAL,200,
/blog,Read full article→,/post/the-butterfly-effect,/post/the-butterfly-effect,INTERNAL,200,
/blog,,/post/fire-faster-promote-faster,/post/fire-faster-promote-faster,INTERNAL,200,
/blog,Fire Faster. Promote Faster.,/post/fire-faster-promote-faster,/post/fire-faster-promote-faster,INTERNAL,200,
/blog,Read full article→,/post/fire-faster-promote-faster,/post/fire-faster-promote-faster,INTERNAL,200,
/blog,,/post/scale-responsibly,/post/scale-responsibly,INTERNAL,200,
/blog,Scale Responsibly,/post/scale-responsibly,/post/scale-responsibly,INTERNAL,200,
/blog,Read full article→,/post/scale-responsibly,/post/scale-responsibly,INTERNAL,200,
/blog,,/post/the-secret-third-option,/post/the-secret-third-option,INTERNAL,200,
/blog,The Secret Third Option,/post/the-secret-third-option,/post/the-secret-third-option,INTERNAL,200,
/blog,Read full article→,/post/the-secret-third-option,/post/the-secret-third-option,INTERNAL,200,
/blog,,/post/the-biggest-risk-playing-it-safe,/post/the-biggest-risk-playing-it-safe,INTERNAL,200,
/blog,The Biggest Risk? Playing It Safe,/post/the-biggest-risk-playing-it-safe,/post/the-biggest-risk-playing-it-safe,INTERNAL,200,
/blog,Read full article→,/post/the-biggest-risk-playing-it-safe,/post/the-biggest-risk-playing-it-safe,INTERNAL,200,
/blog,,/post/press-pause,/post/press-pause,INTERNAL,200,
/blog,Press Pause,/post/press-pause,/post/press-pause,INTERNAL,200,
/blog,Read full article→,/post/press-pause,/post/press-pause,INTERNAL,200,
/blog,,/post/manifestation-from-impossible-to-probable,/post/manifestation-from-impossible-to-probable,INTERNAL,200,
/blog,Manifestation: From Impossible to Probable,/post/manifestation-from-impossible-to-probable,/post/manifestation-from-impossible-to-probable,INTERNAL,200,
/blog,Read full article→,/post/manifestation-from-impossible-to-probable,/post/manifestation-from-impossible-to-probable,INTERNAL,200,
/blog,,/post/stop-selling-time-start-delivering-value,/post/stop-selling-time-start-delivering-value,INTERNAL,200,
/blog,Stop Selling Time. Start Delivering Value.,/post/stop-selling-time-start-delivering-value,/post/stop-selling-time-start-delivering-value,INTERNAL,200,
/blog,Read full article→,/post/stop-selling-time-start-delivering-value,/post/stop-selling-time-start-delivering-value,INTERNAL,200,
/blog,,/post/the-nexubis-referral-program,/post/the-nexubis-referral-program,INTERNAL,200,
/blog,The Nexubis Referral Program,/post/the-nexubis-referral-program,/post/the-nexubis-referral-program,INTERNAL,200,
/blog,Read full article→,/post/the-nexubis-referral-program,/post/the-nexubis-referral-program,INTERNAL,200,
/blog,,/post/overcoming-imposter-syndrome,/post/overcoming-imposter-syndrome,INTERNAL,200,
/blog,Overcoming Imposter Syndrome,/post/overcoming-imposter-syndrome,/post/overcoming-imposter-syndrome,INTERNAL,200,
/blog,Read full article→,/post/overcoming-imposter-syndrome,/post/overcoming-imposter-syndrome,INTERNAL,200,
/blog,,/post/dragonborn,/post/dragonborn,INTERNAL,200,
/blog,Dragonborn,/post/dragonborn,/post/dragonborn,INTERNAL,200,
/blog,Read full article→,/post/dragonborn,/post/dragonborn,INTERNAL,200,
/blog,,/post/building-a-leadership-team,/post/building-a-leadership-team,INTERNAL,200,
/blog,Building a Leadership Team,/post/building-a-leadership-team,/post/building-a-leadership-team,INTERNAL,200,
/blog,Read full article→,/post/building-a-leadership-team,/post/building-a-leadership-team,INTERNAL,200,
/blog,,/post/not-everyone-wants-the-gold-bar,/post/not-everyone-wants-the-gold-bar,INTERNAL,200,
/blog,Not Everyone Wants the Gold Bar,/post/not-everyone-wants-the-gold-bar,/post/not-everyone-wants-the-gold-bar,INTERNAL,200,
/blog,Read full article→,/post/not-everyone-wants-the-gold-bar,/post/not-everyone-wants-the-gold-bar,INTERNAL,200,
/blog,,/post/the-process-or-people-problem,/post/the-process-or-people-problem,INTERNAL,200,
/blog,The Process or People Problem,/post/the-process-or-people-problem,/post/the-process-or-people-problem,INTERNAL,200,
/blog,Read full article→,/post/the-process-or-people-problem,/post/the-process-or-people-problem,INTERNAL,200,
/blog,,/post/most-of-my-job-sucks,/post/most-of-my-job-sucks,INTERNAL,200,
/blog,Most of My Job Sucks,/post/most-of-my-job-sucks,/post/most-of-my-job-sucks,INTERNAL,200,
/blog,Read full article→,/post/most-of-my-job-sucks,/post/most-of-my-job-sucks,INTERNAL,200,
/blog,,/post/empowering-clients,/post/empowering-clients,INTERNAL,200,
/blog,Empowering Clients,/post/empowering-clients,/post/empowering-clients,INTERNAL,200,
/blog,Read full article→,/post/empowering-clients,/post/empowering-clients,INTERNAL,200,
/blog,,/post/building-fast-vs-building-right,/post/building-fast-vs-building-right,INTERNAL,200,
/blog,Building Fast vs. Building Right,/post/building-fast-vs-building-right,/post/building-fast-vs-building-right,INTERNAL,200,
/blog,Read full article→,/post/building-fast-vs-building-right,/post/building-fast-vs-building-right,INTERNAL,200,
/blog,,/post/empowering-communities,/post/empowering-communities,INTERNAL,200,
/blog,Empowering Communities,/post/empowering-communities,/post/empowering-communities,INTERNAL,200,
/blog,Read full article→,/post/empowering-communities,/post/empowering-communities,INTERNAL,200,
/blog,,/post/the-work-life-balance-lie,/post/the-work-life-balance-lie,INTERNAL,200,
/blog,The Work-Life Balance Lie,/post/the-work-life-balance-lie,/post/the-work-life-balance-lie,INTERNAL,200,
/blog,Read full article→,/post/the-work-life-balance-lie,/post/the-work-life-balance-lie,INTERNAL,200,
/blog,,/post/when-branding-does-and-doesnt-matter,/post/when-branding-does-and-doesnt-matter,INTERNAL,200,
/blog,When Branding Does (and Doesn’t) Matter,/post/when-branding-does-and-doesnt-matter,/post/when-branding-does-and-doesnt-matter,INTERNAL,200,
/blog,Read full article→,/post/when-branding-does-and-doesnt-matter,/post/when-branding-does-and-doesnt-matter,INTERNAL,200,
/blog,,/post/empowering-founders,/post/empowering-founders,INTERNAL,200,
/blog,Empowering Founders,/post/empowering-founders,/post/empowering-founders,INTERNAL,200,
/blog,Read full article→,/post/empowering-founders,/post/empowering-founders,INTERNAL,200,
/blog,,/post/keep-firing-yourself,/post/keep-firing-yourself,INTERNAL,200,
/blog,Keep Firing Yourself,/post/keep-firing-yourself,/post/keep-firing-yourself,INTERNAL,200,
/blog,Read full article→,/post/keep-firing-yourself,/post/keep-firing-yourself,INTERNAL,200,
/blog,,/post/how-we-work,/post/how-we-work,INTERNAL,200,
/blog,How We Work,/post/how-we-work,/post/how-we-work,INTERNAL,200,
/blog,Read full article→,/post/how-we-work,/post/how-we-work,INTERNAL,200,
/blog,,/post/the-tech-stack-we-actually-recommend,/post/the-tech-stack-we-actually-recommend,INTERNAL,200,
/blog,The Tech Stack We Actually Recommend,/post/the-tech-stack-we-actually-recommend,/post/the-tech-stack-we-actually-recommend,INTERNAL,200,
/blog,Read full article→,/post/the-tech-stack-we-actually-recommend,/post/the-tech-stack-we-actually-recommend,INTERNAL,200,
/blog,,/post/empowering-teams,/post/empowering-teams,INTERNAL,200,
/blog,Empowering Teams,/post/empowering-teams,/post/empowering-teams,INTERNAL,200,
/blog,Read full article→,/post/empowering-teams,/post/empowering-teams,INTERNAL,200,
/blog,,/post/ai-isnt-coming-its-already-here,/post/ai-isnt-coming-its-already-here,INTERNAL,200,
/blog,AI Isn’t Coming — It’s Already Here,/post/ai-isnt-coming-its-already-here,/post/ai-isnt-coming-its-already-here,INTERNAL,200,
/blog,Read full article→,/post/ai-isnt-coming-its-already-here,/post/ai-isnt-coming-its-already-here,INTERNAL,200,
/blog,,/post/what-early-stage-founders-spend-way-too-much-time-on,/post/what-early-stage-founders-spend-way-too-much-time-on,INTERNAL,200,
/blog,Startup Time Traps,/post/what-early-stage-founders-spend-way-too-much-time-on,/post/what-early-stage-founders-spend-way-too-much-time-on,INTERNAL,200,
/blog,Read full article→,/post/what-early-stage-founders-spend-way-too-much-time-on,/post/what-early-stage-founders-spend-way-too-much-time-on,INTERNAL,200,
/blog,,/post/how-it-all-started-and-almost-didnt,/post/how-it-all-started-and-almost-didnt,INTERNAL,200,
/blog,How It All Started (and Almost Didn’t),/post/how-it-all-started-and-almost-didnt,/post/how-it-all-started-and-almost-didnt,INTERNAL,200,
/blog,Read full article→,/post/how-it-all-started-and-almost-didnt,/post/how-it-all-started-and-almost-didnt,INTERNAL,200,
/blog,,/post/how-we-landed-on-empowering-dreams,/post/how-we-landed-on-empowering-dreams,INTERNAL,200,
/blog,How We Landed on Empowering Dreams,/post/how-we-landed-on-empowering-dreams,/post/how-we-landed-on-empowering-dreams,INTERNAL,200,
/blog,Read full article→,/post/how-we-landed-on-empowering-dreams,/post/how-we-landed-on-empowering-dreams,INTERNAL,200,
/blog,,/post/welcome-to-dreamlab,/post/welcome-to-dreamlab,INTERNAL,200,
/blog,Welcome to Dreamlab,/post/welcome-to-dreamlab,/post/welcome-to-dreamlab,INTERNAL,200,
/blog,Read full article→,/post/welcome-to-dreamlab,/post/welcome-to-dreamlab,INTERNAL,200,
/blog,About,/about,/about,INTERNAL,200,
/blog,What we do,/#what-we-do,/,INTERNAL,200,
/blog,Work / Case studies,/work,/work,INTERNAL,200,
/blog,Brand Credibility Scorecard,/scorecard,/scorecard,INTERNAL,200,
/blog,Contact,/contact,/contact,INTERNAL,200,
/blog,LinkedIn,https://www.linkedin.com/company/nexubis/,,EXTERNAL,,
/blog,Instagram,https://www.instagram.com/nexubis.design/,,EXTERNAL,,
/contact,,/,/,INTERNAL,200,
/contact,Altify,/work/altify,/work/altify,INTERNAL,200,
/contact,Circuit,/work/circuit,/work/circuit,INTERNAL,200,
/contact,Oxipack,/work/oxipack,/work/oxipack,INTERNAL,200,
/contact,Packages,/packages,/packages,INTERNAL,200,
/contact,Dreamlab,/blog,/blog,INTERNAL,200,
/contact,Book an application callBook a Call,/contact,/contact,INTERNAL,200,
/contact,Home,/,/,INTERNAL,200,
/contact,Dreamlab,/blog,/blog,INTERNAL,200,
/contact,Pricing,/packages,/packages,INTERNAL,200,
/contact,Altify,/work/altify,/work/altify,INTERNAL,200,
/contact,Circuit,/work/circuit,/work/circuit,INTERNAL,200,
/contact,Oxipack,/work/oxipack,/work/oxipack,INTERNAL,200,
/contact,Learn More,/packages,/packages,INTERNAL,200,
/contact,,https://altify.app/,,EXTERNAL,,
/contact,,https://www.merklescience.com/,,EXTERNAL,,
/contact,,https://cordialsystems.com/,,EXTERNAL,,
/contact,,https://www.sofi.com/,,EXTERNAL,,
/contact,,https://www.ox.security/,,EXTERNAL,,
/contact,,https://sataya.io/,,EXTERNAL,,
/contact,,https://www.oxipack.com/,,EXTERNAL,,
/contact,,https://circuitprotect.com/,,EXTERNAL,,
/contact,,https://www.blueknight.io/,,EXTERNAL,,
/contact,,https://www.usably.studio/,,EXTERNAL,,
/contact,,https://www.lathyrus.io/,,EXTERNAL,,
/contact,,https://www.lathyrus.io/,,EXTERNAL,,
/contact,,https://www.designfocus.io/,,EXTERNAL,,
/contact,,https://www.emprise.co.za/,,EXTERNAL,,
/contact,,https://altify.app/,,EXTERNAL,,
/contact,,https://www.merklescience.com/,,EXTERNAL,,
/contact,,https://cordialsystems.com/,,EXTERNAL,,
/contact,,https://www.sofi.com/,,EXTERNAL,,
/contact,,https://www.ox.security/,,EXTERNAL,,
/contact,,https://sataya.io/,,EXTERNAL,,
/contact,,https://www.oxipack.com/,,EXTERNAL,,
/contact,,https://circuitprotect.com/,,EXTERNAL,,
/contact,,https://www.blueknight.io/,,EXTERNAL,,
/contact,,https://www.usably.studio/,,EXTERNAL,,
/contact,,https://www.lathyrus.io/,,EXTERNAL,,
/contact,,https://www.lathyrus.io/,,EXTERNAL,,
/contact,,https://www.designfocus.io/,,EXTERNAL,,
/contact,,https://www.emprise.co.za/,,EXTERNAL,,
/contact,About,/about,/about,INTERNAL,200,
/contact,What we do,/#what-we-do,/,INTERNAL,200,
/contact,Work / Case studies,/work,/work,INTERNAL,200,
/contact,Brand Credibility Scorecard,/scorecard,/scorecard,INTERNAL,200,
/contact,Contact,/contact,/contact,INTERNAL,200,
/contact,LinkedIn,https://www.linkedin.com/company/nexubis/,,EXTERNAL,,
/contact,Instagram,https://www.instagram.com/nexubis.design/,,EXTERNAL,,
/packages,,/,/,INTERNAL,200,
/packages,Altify,/work/altify,/work/altify,INTERNAL,200,
/packages,Circuit,/work/circuit,/work/circuit,INTERNAL,200,
/packages,Oxipack,/work/oxipack,/work/oxipack,INTERNAL,200,
/packages,Packages,/packages,/packages,INTERNAL,200,
/packages,Dreamlab,/blog,/blog,INTERNAL,200,
/packages,Book an application callBook a Call,/contact,/contact,INTERNAL,200,
/packages,Home,/,/,INTERNAL,200,
/packages,Dreamlab,/blog,/blog,INTERNAL,200,
/packages,Pricing,/packages,/packages,INTERNAL,200,
/packages,Altify,/work/altify,/work/altify,INTERNAL,200,
/packages,Circuit,/work/circuit,/work/circuit,INTERNAL,200,
/packages,Oxipack,/work/oxipack,/work/oxipack,INTERNAL,200,
/packages,,https://www.google.com/search?q=Nexubis+Reviews,,EXTERNAL,,
/packages,Book an application call,/contact,/contact,INTERNAL,200,
/packages,Book an application call,/contact,/contact,INTERNAL,200,
/packages,Book an application call,/contact,/contact,INTERNAL,200,
/packages,,https://altify.app/,,EXTERNAL,,
/packages,,https://www.merklescience.com/,,EXTERNAL,,
/packages,,https://cordialsystems.com/,,EXTERNAL,,
/packages,,https://www.sofi.com/,,EXTERNAL,,
/packages,,https://www.ox.security/,,EXTERNAL,,
/packages,,https://sataya.io/,,EXTERNAL,,
/packages,,https://www.oxipack.com/,,EXTERNAL,,
/packages,,https://circuitprotect.com/,,EXTERNAL,,
/packages,,https://www.blueknight.io/,,EXTERNAL,,
/packages,,https://www.usably.studio/,,EXTERNAL,,
/packages,,https://www.lathyrus.io/,,EXTERNAL,,
/packages,,https://www.lathyrus.io/,,EXTERNAL,,
/packages,,https://www.designfocus.io/,,EXTERNAL,,
/packages,,https://www.emprise.co.za/,,EXTERNAL,,
/packages,,https://altify.app/,,EXTERNAL,,
/packages,,https://www.merklescience.com/,,EXTERNAL,,
/packages,,https://cordialsystems.com/,,EXTERNAL,,
/packages,,https://www.sofi.com/,,EXTERNAL,,
/packages,,https://www.ox.security/,,EXTERNAL,,
/packages,,https://sataya.io/,,EXTERNAL,,
/packages,,https://www.oxipack.com/,,EXTERNAL,,
/packages,,https://circuitprotect.com/,,EXTERNAL,,
/packages,,https://www.blueknight.io/,,EXTERNAL,,
/packages,,https://www.usably.studio/,,EXTERNAL,,
/packages,,https://www.lathyrus.io/,,EXTERNAL,,
/packages,,https://www.lathyrus.io/,,EXTERNAL,,
/packages,,https://www.designfocus.io/,,EXTERNAL,,
/packages,,https://www.emprise.co.za/,,EXTERNAL,,
/packages,Learn More,/post/rethinking-the-nexubis-trial,/post/rethinking-the-nexubis-trial,INTERNAL,200,
/packages,About,/about,/about,INTERNAL,200,
/packages,What we do,/#what-we-do,/,INTERNAL,200,
/packages,Work / Case studies,/work,/work,INTERNAL,200,
/packages,Brand Credibility Scorecard,/scorecard,/scorecard,INTERNAL,200,
/packages,Contact,/contact,/contact,INTERNAL,200,
/packages,LinkedIn,https://www.linkedin.com/company/nexubis/,,EXTERNAL,,
/packages,Instagram,https://www.instagram.com/nexubis.design/,,EXTERNAL,,
/post/10-better-or-dont-bother,,/,/,INTERNAL,200,
/post/10-better-or-dont-bother,Altify,/work/altify,/work/altify,INTERNAL,200,
/post/10-better-or-dont-bother,Circuit,/work/circuit,/work/circuit,INTERNAL,200,
/post/10-better-or-dont-bother,Oxipack,/work/oxipack,/work/oxipack,INTERNAL,200,
/post/10-better-or-dont-bother,Packages,/packages,/packages,INTERNAL,200,
/post/10-better-or-dont-bother,Dreamlab,/blog,/blog,INTERNAL,200,
/post/10-better-or-dont-bother,Book an application callBook a Call,/contact,/contact,INTERNAL,200,
/post/10-better-or-dont-bother,Home,/,/,INTERNAL,200,
/post/10-better-or-dont-bother,Dreamlab,/blog,/blog,INTERNAL,200,
/post/10-better-or-dont-bother,Pricing,/packages,/packages,INTERNAL,200,
/post/10-better-or-dont-bother,Altify,/work/altify,/work/altify,INTERNAL,200,
/post/10-better-or-dont-bother,Circuit,/work/circuit,/work/circuit,INTERNAL,200,
/post/10-better-or-dont-bother,Oxipack,/work/oxipack,/work/oxipack,INTERNAL,200,
/post/10-better-or-dont-bother,"""Sell Value, Not Time,""",/post/stop-selling-time-start-delivering-value,/post/stop-selling-time-start-delivering-value,INTERNAL,200,
/post/10-better-or-dont-bother,,/post/metamorphosis,/post/metamorphosis,INTERNAL,200,
/post/10-better-or-dont-bother,Metamorphosis,/post/metamorphosis,/post/metamorphosis,INTERNAL,200,
/post/10-better-or-dont-bother,Read full article→,/post/metamorphosis,/post/metamorphosis,INTERNAL,200,
/post/10-better-or-dont-bother,,/post/beyond-the-eu30-000,/post/beyond-the-eu30-000,INTERNAL,200,
/post/10-better-or-dont-bother,Beyond the €30 000,/post/beyond-the-eu30-000,/post/beyond-the-eu30-000,INTERNAL,200,
/post/10-better-or-dont-bother,Read full article→,/post/beyond-the-eu30-000,/post/beyond-the-eu30-000,INTERNAL,200,
/post/10-better-or-dont-bother,,/post/the-cost-of-refusing-to-adapt,/post/the-cost-of-refusing-to-adapt,INTERNAL,200,
/post/10-better-or-dont-bother,The Cost of Refusing to Adapt,/post/the-cost-of-refusing-to-adapt,/post/the-cost-of-refusing-to-adapt,INTERNAL,200,
/post/10-better-or-dont-bother,Read full article→,/post/the-cost-of-refusing-to-adapt,/post/the-cost-of-refusing-to-adapt,INTERNAL,200,
/post/10-better-or-dont-bother,About,/about,/about,INTERNAL,200,
/post/10-better-or-dont-bother,What we do,/#what-we-do,/,INTERNAL,200,
/post/10-better-or-dont-bother,Work / Case studies,/work,/work,INTERNAL,200,
/post/10-better-or-dont-bother,Brand Credibility Scorecard,/scorecard,/scorecard,INTERNAL,200,
/post/10-better-or-dont-bother,Contact,/contact,/contact,INTERNAL,200,
/post/10-better-or-dont-bother,LinkedIn,https://www.linkedin.com/company/nexubis/,,EXTERNAL,,
/post/10-better-or-dont-bother,Instagram,https://www.instagram.com/nexubis.design/,,EXTERNAL,,
/post/2025-in-retrospect,,/,/,INTERNAL,200,
/post/2025-in-retrospect,Altify,/work/altify,/work/altify,INTERNAL,200,
/post/2025-in-retrospect,Circuit,/work/circuit,/work/circuit,INTERNAL,200,
/post/2025-in-retrospect,Oxipack,/work/oxipack,/work/oxipack,INTERNAL,200,
/post/2025-in-retrospect,Packages,/packages,/packages,INTERNAL,200,
/post/2025-in-retrospect,Dreamlab,/blog,/blog,INTERNAL,200,
/post/2025-in-retrospect,Book an application callBook a Call,/contact,/contact,INTERNAL,200,
/post/2025-in-retrospect,Home,/,/,INTERNAL,200,
/post/2025-in-retrospect,Dreamlab,/blog,/blog,INTERNAL,200,
/post/2025-in-retrospect,Pricing,/packages,/packages,INTERNAL,200,
/post/2025-in-retrospect,Altify,/work/altify,/work/altify,INTERNAL,200,
/post/2025-in-retrospect,Circuit,/work/circuit,/work/circuit,INTERNAL,200,
/post/2025-in-retrospect,Oxipack,/work/oxipack,/work/oxipack,INTERNAL,200,
/post/2025-in-retrospect,,/post/metamorphosis,/post/metamorphosis,INTERNAL,200,
/post/2025-in-retrospect,Metamorphosis,/post/metamorphosis,/post/metamorphosis,INTERNAL,200,
/post/2025-in-retrospect,Read full article→,/post/metamorphosis,/post/metamorphosis,INTERNAL,200,
/post/2025-in-retrospect,,/post/beyond-the-eu30-000,/post/beyond-the-eu30-000,INTERNAL,200,
/post/2025-in-retrospect,Beyond the €30 000,/post/beyond-the-eu30-000,/post/beyond-the-eu30-000,INTERNAL,200,
/post/2025-in-retrospect,Read full article→,/post/beyond-the-eu30-000,/post/beyond-the-eu30-000,INTERNAL,200,
/post/2025-in-retrospect,,/post/the-cost-of-refusing-to-adapt,/post/the-cost-of-refusing-to-adapt,INTERNAL,200,
/post/2025-in-retrospect,The Cost of Refusing to Adapt,/post/the-cost-of-refusing-to-adapt,/post/the-cost-of-refusing-to-adapt,INTERNAL,200,
/post/2025-in-retrospect,Read full article→,/post/the-cost-of-refusing-to-adapt,/post/the-cost-of-refusing-to-adapt,INTERNAL,200,
/post/2025-in-retrospect,About,/about,/about,INTERNAL,200,
/post/2025-in-retrospect,What we do,/#what-we-do,/,INTERNAL,200,
/post/2025-in-retrospect,Work / Case studies,/work,/work,INTERNAL,200,
/post/2025-in-retrospect,Brand Credibility Scorecard,/scorecard,/scorecard,INTERNAL,200,
/post/2025-in-retrospect,Contact,/contact,/contact,INTERNAL,200,
/post/2025-in-retrospect,LinkedIn,https://www.linkedin.com/company/nexubis/,,EXTERNAL,,
/post/2025-in-retrospect,Instagram,https://www.instagram.com/nexubis.design/,,EXTERNAL,,
/post/ai-is-not-a-phase-its-an-era,,/,/,INTERNAL,200,
/post/ai-is-not-a-phase-its-an-era,Altify,/work/altify,/work/altify,INTERNAL,200,
/post/ai-is-not-a-phase-its-an-era,Circuit,/work/circuit,/work/circuit,INTERNAL,200,
/post/ai-is-not-a-phase-its-an-era,Oxipack,/work/oxipack,/work/oxipack,INTERNAL,200,
/post/ai-is-not-a-phase-its-an-era,Packages,/packages,/packages,INTERNAL,200,
/post/ai-is-not-a-phase-its-an-era,Dreamlab,/blog,/blog,INTERNAL,200,
/post/ai-is-not-a-phase-its-an-era,Book an application callBook a Call,/contact,/contact,INTERNAL,200,
/post/ai-is-not-a-phase-its-an-era,Home,/,/,INTERNAL,200,
/post/ai-is-not-a-phase-its-an-era,Dreamlab,/blog,/blog,INTERNAL,200,
/post/ai-is-not-a-phase-its-an-era,Pricing,/packages,/packages,INTERNAL,200,
/post/ai-is-not-a-phase-its-an-era,Altify,/work/altify,/work/altify,INTERNAL,200,
/post/ai-is-not-a-phase-its-an-era,Circuit,/work/circuit,/work/circuit,INTERNAL,200,
/post/ai-is-not-a-phase-its-an-era,Oxipack,/work/oxipack,/work/oxipack,INTERNAL,200,
/post/ai-is-not-a-phase-its-an-era,Flux Academy's,https://www.flux-academy.com/,,EXTERNAL,,
/post/ai-is-not-a-phase-its-an-era,Ship Studio,https://www.ship.studio/,,EXTERNAL,,
/post/ai-is-not-a-phase-its-an-era,Claude Code,https://claude.ai/,,EXTERNAL,,
/post/ai-is-not-a-phase-its-an-era,GitHub,https://github.com/,,EXTERNAL,,
/post/ai-is-not-a-phase-its-an-era,Vercel,https://vercel.com/,,EXTERNAL,,
/post/ai-is-not-a-phase-its-an-era,Sanity,https://www.sanity.io/,,EXTERNAL,,
/post/ai-is-not-a-phase-its-an-era,Figma MCP,https://www.figma.com/,,EXTERNAL,,
/post/ai-is-not-a-phase-its-an-era,Wispr,https://wisprflow.ai/,,EXTERNAL,,
/post/ai-is-not-a-phase-its-an-era,lekkeweb.co.za.,https://lekkeweb.co.za/,,EXTERNAL,,
/post/ai-is-not-a-phase-its-an-era,,/post/the-personal-belief-vs-ai-paradox,/post/the-personal-belief-vs-ai-paradox,INTERNAL,200,
/post/ai-is-not-a-phase-its-an-era,The Personal Belief vs. AI Paradox,/post/the-personal-belief-vs-ai-paradox,/post/the-personal-belief-vs-ai-paradox,INTERNAL,200,
/post/ai-is-not-a-phase-its-an-era,Read full article→,/post/the-personal-belief-vs-ai-paradox,/post/the-personal-belief-vs-ai-paradox,INTERNAL,200,
/post/ai-is-not-a-phase-its-an-era,,/post/the-builders-will-survive,/post/the-builders-will-survive,INTERNAL,200,
/post/ai-is-not-a-phase-its-an-era,The Builders Will Survive,/post/the-builders-will-survive,/post/the-builders-will-survive,INTERNAL,200,
/post/ai-is-not-a-phase-its-an-era,Read full article→,/post/the-builders-will-survive,/post/the-builders-will-survive,INTERNAL,200,
/post/ai-is-not-a-phase-its-an-era,,/post/the-age-of-agi,/post/the-age-of-agi,INTERNAL,200,
/post/ai-is-not-a-phase-its-an-era,The Age of AGI,/post/the-age-of-agi,/post/the-age-of-agi,INTERNAL,200,
/post/ai-is-not-a-phase-its-an-era,Read full article→,/post/the-age-of-agi,/post/the-age-of-agi,INTERNAL,200,
/post/ai-is-not-a-phase-its-an-era,About,/about,/about,INTERNAL,200,
/post/ai-is-not-a-phase-its-an-era,What we do,/#what-we-do,/,INTERNAL,200,
/post/ai-is-not-a-phase-its-an-era,Work / Case studies,/work,/work,INTERNAL,200,
/post/ai-is-not-a-phase-its-an-era,Brand Credibility Scorecard,/scorecard,/scorecard,INTERNAL,200,
/post/ai-is-not-a-phase-its-an-era,Contact,/contact,/contact,INTERNAL,200,
/post/ai-is-not-a-phase-its-an-era,LinkedIn,https://www.linkedin.com/company/nexubis/,,EXTERNAL,,
/post/ai-is-not-a-phase-its-an-era,Instagram,https://www.instagram.com/nexubis.design/,,EXTERNAL,,
/post/ai-isnt-coming-its-already-here,,/,/,INTERNAL,200,
/post/ai-isnt-coming-its-already-here,Altify,/work/altify,/work/altify,INTERNAL,200,
/post/ai-isnt-coming-its-already-here,Circuit,/work/circuit,/work/circuit,INTERNAL,200,
/post/ai-isnt-coming-its-already-here,Oxipack,/work/oxipack,/work/oxipack,INTERNAL,200,
/post/ai-isnt-coming-its-already-here,Packages,/packages,/packages,INTERNAL,200,
/post/ai-isnt-coming-its-already-here,Dreamlab,/blog,/blog,INTERNAL,200,
/post/ai-isnt-coming-its-already-here,Book an application callBook a Call,/contact,/contact,INTERNAL,200,
/post/ai-isnt-coming-its-already-here,Home,/,/,INTERNAL,200,
/post/ai-isnt-coming-its-already-here,Dreamlab,/blog,/blog,INTERNAL,200,
/post/ai-isnt-coming-its-already-here,Pricing,/packages,/packages,INTERNAL,200,
/post/ai-isnt-coming-its-already-here,Altify,/work/altify,/work/altify,INTERNAL,200,
/post/ai-isnt-coming-its-already-here,Circuit,/work/circuit,/work/circuit,INTERNAL,200,
/post/ai-isnt-coming-its-already-here,Oxipack,/work/oxipack,/work/oxipack,INTERNAL,200,
/post/ai-isnt-coming-its-already-here,,/post/ai-is-not-a-phase-its-an-era,/post/ai-is-not-a-phase-its-an-era,INTERNAL,200,
/post/ai-isnt-coming-its-already-here,AI Is Not a Phase. It's an Era.,/post/ai-is-not-a-phase-its-an-era,/post/ai-is-not-a-phase-its-an-era,INTERNAL,200,
/post/ai-isnt-coming-its-already-here,Read full article→,/post/ai-is-not-a-phase-its-an-era,/post/ai-is-not-a-phase-its-an-era,INTERNAL,200,
/post/ai-isnt-coming-its-already-here,,/post/the-personal-belief-vs-ai-paradox,/post/the-personal-belief-vs-ai-paradox,INTERNAL,200,
/post/ai-isnt-coming-its-already-here,The Personal Belief vs. AI Paradox,/post/the-personal-belief-vs-ai-paradox,/post/the-personal-belief-vs-ai-paradox,INTERNAL,200,
/post/ai-isnt-coming-its-already-here,Read full article→,/post/the-personal-belief-vs-ai-paradox,/post/the-personal-belief-vs-ai-paradox,INTERNAL,200,
/post/ai-isnt-coming-its-already-here,,/post/the-builders-will-survive,/post/the-builders-will-survive,INTERNAL,200,
/post/ai-isnt-coming-its-already-here,The Builders Will Survive,/post/the-builders-will-survive,/post/the-builders-will-survive,INTERNAL,200,
/post/ai-isnt-coming-its-already-here,Read full article→,/post/the-builders-will-survive,/post/the-builders-will-survive,INTERNAL,200,
/post/ai-isnt-coming-its-already-here,About,/about,/about,INTERNAL,200,
/post/ai-isnt-coming-its-already-here,What we do,/#what-we-do,/,INTERNAL,200,
/post/ai-isnt-coming-its-already-here,Work / Case studies,/work,/work,INTERNAL,200,
/post/ai-isnt-coming-its-already-here,Brand Credibility Scorecard,/scorecard,/scorecard,INTERNAL,200,
/post/ai-isnt-coming-its-already-here,Contact,/contact,/contact,INTERNAL,200,
/post/ai-isnt-coming-its-already-here,LinkedIn,https://www.linkedin.com/company/nexubis/,,EXTERNAL,,
/post/ai-isnt-coming-its-already-here,Instagram,https://www.instagram.com/nexubis.design/,,EXTERNAL,,
/post/altify-empowering-nexubis,,/,/,INTERNAL,200,
/post/altify-empowering-nexubis,Altify,/work/altify,/work/altify,INTERNAL,200,
/post/altify-empowering-nexubis,Circuit,/work/circuit,/work/circuit,INTERNAL,200,
/post/altify-empowering-nexubis,Oxipack,/work/oxipack,/work/oxipack,INTERNAL,200,
/post/altify-empowering-nexubis,Packages,/packages,/packages,INTERNAL,200,
/post/altify-empowering-nexubis,Dreamlab,/blog,/blog,INTERNAL,200,
/post/altify-empowering-nexubis,Book an application callBook a Call,/contact,/contact,INTERNAL,200,
/post/altify-empowering-nexubis,Home,/,/,INTERNAL,200,
/post/altify-empowering-nexubis,Dreamlab,/blog,/blog,INTERNAL,200,
/post/altify-empowering-nexubis,Pricing,/packages,/packages,INTERNAL,200,
/post/altify-empowering-nexubis,Altify,/work/altify,/work/altify,INTERNAL,200,
/post/altify-empowering-nexubis,Circuit,/work/circuit,/work/circuit,INTERNAL,200,
/post/altify-empowering-nexubis,Oxipack,/work/oxipack,/work/oxipack,INTERNAL,200,
/post/altify-empowering-nexubis,,/post/circuit-securing-nexubis,/post/circuit-securing-nexubis,INTERNAL,200,
/post/altify-empowering-nexubis,Circuit: Securing Nexubis,/post/circuit-securing-nexubis,/post/circuit-securing-nexubis,INTERNAL,200,
/post/altify-empowering-nexubis,Read full article→,/post/circuit-securing-nexubis,/post/circuit-securing-nexubis,INTERNAL,200,
/post/altify-empowering-nexubis,,/post/oxipack-empowering-nexubis,/post/oxipack-empowering-nexubis,INTERNAL,200,
/post/altify-empowering-nexubis,Oxipack: Funding Nexubis,/post/oxipack-empowering-nexubis,/post/oxipack-empowering-nexubis,INTERNAL,200,
/post/altify-empowering-nexubis,Read full article→,/post/oxipack-empowering-nexubis,/post/oxipack-empowering-nexubis,INTERNAL,200,
/post/altify-empowering-nexubis,,/post/empowering-women-with-project-flamingo,/post/empowering-women-with-project-flamingo,INTERNAL,200,
/post/altify-empowering-nexubis,Empowering Women with Project Flamingo,/post/empowering-women-with-project-flamingo,/post/empowering-women-with-project-flamingo,INTERNAL,200,
/post/altify-empowering-nexubis,Read full article→,/post/empowering-women-with-project-flamingo,/post/empowering-women-with-project-flamingo,INTERNAL,200,
/post/altify-empowering-nexubis,About,/about,/about,INTERNAL,200,
/post/altify-empowering-nexubis,What we do,/#what-we-do,/,INTERNAL,200,
/post/altify-empowering-nexubis,Work / Case studies,/work,/work,INTERNAL,200,
/post/altify-empowering-nexubis,Brand Credibility Scorecard,/scorecard,/scorecard,INTERNAL,200,
/post/altify-empowering-nexubis,Contact,/contact,/contact,INTERNAL,200,
/post/altify-empowering-nexubis,LinkedIn,https://www.linkedin.com/company/nexubis/,,EXTERNAL,,
/post/altify-empowering-nexubis,Instagram,https://www.instagram.com/nexubis.design/,,EXTERNAL,,
/post/automation-is-not-the-enemy,,/,/,INTERNAL,200,
/post/automation-is-not-the-enemy,Altify,/work/altify,/work/altify,INTERNAL,200,
/post/automation-is-not-the-enemy,Circuit,/work/circuit,/work/circuit,INTERNAL,200,
/post/automation-is-not-the-enemy,Oxipack,/work/oxipack,/work/oxipack,INTERNAL,200,
/post/automation-is-not-the-enemy,Packages,/packages,/packages,INTERNAL,200,
/post/automation-is-not-the-enemy,Dreamlab,/blog,/blog,INTERNAL,200,
/post/automation-is-not-the-enemy,Book an application callBook a Call,/contact,/contact,INTERNAL,200,
/post/automation-is-not-the-enemy,Home,/,/,INTERNAL,200,
/post/automation-is-not-the-enemy,Dreamlab,/blog,/blog,INTERNAL,200,
/post/automation-is-not-the-enemy,Pricing,/packages,/packages,INTERNAL,200,
/post/automation-is-not-the-enemy,Altify,/work/altify,/work/altify,INTERNAL,200,
/post/automation-is-not-the-enemy,Circuit,/work/circuit,/work/circuit,INTERNAL,200,
/post/automation-is-not-the-enemy,Oxipack,/work/oxipack,/work/oxipack,INTERNAL,200,
/post/automation-is-not-the-enemy,“The New Creative Stack”,/post/the-new-creative-stack,/post/the-new-creative-stack,INTERNAL,200,
/post/automation-is-not-the-enemy,,/post/ai-is-not-a-phase-its-an-era,/post/ai-is-not-a-phase-its-an-era,INTERNAL,200,
/post/automation-is-not-the-enemy,AI Is Not a Phase. It's an Era.,/post/ai-is-not-a-phase-its-an-era,/post/ai-is-not-a-phase-its-an-era,INTERNAL,200,
/post/automation-is-not-the-enemy,Read full article→,/post/ai-is-not-a-phase-its-an-era,/post/ai-is-not-a-phase-its-an-era,INTERNAL,200,
/post/automation-is-not-the-enemy,,/post/the-personal-belief-vs-ai-paradox,/post/the-personal-belief-vs-ai-paradox,INTERNAL,200,
/post/automation-is-not-the-enemy,The Personal Belief vs. AI Paradox,/post/the-personal-belief-vs-ai-paradox,/post/the-personal-belief-vs-ai-paradox,INTERNAL,200,
/post/automation-is-not-the-enemy,Read full article→,/post/the-personal-belief-vs-ai-paradox,/post/the-personal-belief-vs-ai-paradox,INTERNAL,200,
/post/automation-is-not-the-enemy,,/post/the-builders-will-survive,/post/the-builders-will-survive,INTERNAL,200,
/post/automation-is-not-the-enemy,The Builders Will Survive,/post/the-builders-will-survive,/post/the-builders-will-survive,INTERNAL,200,
/post/automation-is-not-the-enemy,Read full article→,/post/the-builders-will-survive,/post/the-builders-will-survive,INTERNAL,200,
/post/automation-is-not-the-enemy,About,/about,/about,INTERNAL,200,
/post/automation-is-not-the-enemy,What we do,/#what-we-do,/,INTERNAL,200,
/post/automation-is-not-the-enemy,Work / Case studies,/work,/work,INTERNAL,200,
/post/automation-is-not-the-enemy,Brand Credibility Scorecard,/scorecard,/scorecard,INTERNAL,200,
/post/automation-is-not-the-enemy,Contact,/contact,/contact,INTERNAL,200,
/post/automation-is-not-the-enemy,LinkedIn,https://www.linkedin.com/company/nexubis/,,EXTERNAL,,
/post/automation-is-not-the-enemy,Instagram,https://www.instagram.com/nexubis.design/,,EXTERNAL,,
/post/beyond-the-eu30-000,,/,/,INTERNAL,200,
/post/beyond-the-eu30-000,Altify,/work/altify,/work/altify,INTERNAL,200,
/post/beyond-the-eu30-000,Circuit,/work/circuit,/work/circuit,INTERNAL,200,
/post/beyond-the-eu30-000,Oxipack,/work/oxipack,/work/oxipack,INTERNAL,200,
/post/beyond-the-eu30-000,Packages,/packages,/packages,INTERNAL,200,
/post/beyond-the-eu30-000,Dreamlab,/blog,/blog,INTERNAL,200,
/post/beyond-the-eu30-000,Book an application callBook a Call,/contact,/contact,INTERNAL,200,
/post/beyond-the-eu30-000,Home,/,/,INTERNAL,200,
/post/beyond-the-eu30-000,Dreamlab,/blog,/blog,INTERNAL,200,
/post/beyond-the-eu30-000,Pricing,/packages,/packages,INTERNAL,200,
/post/beyond-the-eu30-000,Altify,/work/altify,/work/altify,INTERNAL,200,
/post/beyond-the-eu30-000,Circuit,/work/circuit,/work/circuit,INTERNAL,200,
/post/beyond-the-eu30-000,Oxipack,/work/oxipack,/work/oxipack,INTERNAL,200,
/post/beyond-the-eu30-000,,/post/metamorphosis,/post/metamorphosis,INTERNAL,200,
/post/beyond-the-eu30-000,Metamorphosis,/post/metamorphosis,/post/metamorphosis,INTERNAL,200,
/post/beyond-the-eu30-000,Read full article→,/post/metamorphosis,/post/metamorphosis,INTERNAL,200,
/post/beyond-the-eu30-000,,/post/the-cost-of-refusing-to-adapt,/post/the-cost-of-refusing-to-adapt,INTERNAL,200,
/post/beyond-the-eu30-000,The Cost of Refusing to Adapt,/post/the-cost-of-refusing-to-adapt,/post/the-cost-of-refusing-to-adapt,INTERNAL,200,
/post/beyond-the-eu30-000,Read full article→,/post/the-cost-of-refusing-to-adapt,/post/the-cost-of-refusing-to-adapt,INTERNAL,200,
/post/beyond-the-eu30-000,,/post/the-gold-bar-theory,/post/the-gold-bar-theory,INTERNAL,200,
/post/beyond-the-eu30-000,The Gold Bar Theory,/post/the-gold-bar-theory,/post/the-gold-bar-theory,INTERNAL,200,
/post/beyond-the-eu30-000,Read full article→,/post/the-gold-bar-theory,/post/the-gold-bar-theory,INTERNAL,200,
/post/beyond-the-eu30-000,About,/about,/about,INTERNAL,200,
/post/beyond-the-eu30-000,What we do,/#what-we-do,/,INTERNAL,200,
/post/beyond-the-eu30-000,Work / Case studies,/work,/work,INTERNAL,200,
/post/beyond-the-eu30-000,Brand Credibility Scorecard,/scorecard,/scorecard,INTERNAL,200,
/post/beyond-the-eu30-000,Contact,/contact,/contact,INTERNAL,200,
/post/beyond-the-eu30-000,LinkedIn,https://www.linkedin.com/company/nexubis/,,EXTERNAL,,
/post/beyond-the-eu30-000,Instagram,https://www.instagram.com/nexubis.design/,,EXTERNAL,,
/post/building-a-leadership-team,,/,/,INTERNAL,200,
/post/building-a-leadership-team,Altify,/work/altify,/work/altify,INTERNAL,200,
/post/building-a-leadership-team,Circuit,/work/circuit,/work/circuit,INTERNAL,200,
/post/building-a-leadership-team,Oxipack,/work/oxipack,/work/oxipack,INTERNAL,200,
/post/building-a-leadership-team,Packages,/packages,/packages,INTERNAL,200,
/post/building-a-leadership-team,Dreamlab,/blog,/blog,INTERNAL,200,
/post/building-a-leadership-team,Book an application callBook a Call,/contact,/contact,INTERNAL,200,
/post/building-a-leadership-team,Home,/,/,INTERNAL,200,
/post/building-a-leadership-team,Dreamlab,/blog,/blog,INTERNAL,200,
/post/building-a-leadership-team,Pricing,/packages,/packages,INTERNAL,200,
/post/building-a-leadership-team,Altify,/work/altify,/work/altify,INTERNAL,200,
/post/building-a-leadership-team,Circuit,/work/circuit,/work/circuit,INTERNAL,200,
/post/building-a-leadership-team,Oxipack,/work/oxipack,/work/oxipack,INTERNAL,200,
/post/building-a-leadership-team,,/post/metamorphosis,/post/metamorphosis,INTERNAL,200,
/post/building-a-leadership-team,Metamorphosis,/post/metamorphosis,/post/metamorphosis,INTERNAL,200,
/post/building-a-leadership-team,Read full article→,/post/metamorphosis,/post/metamorphosis,INTERNAL,200,
/post/building-a-leadership-team,,/post/beyond-the-eu30-000,/post/beyond-the-eu30-000,INTERNAL,200,
/post/building-a-leadership-team,Beyond the €30 000,/post/beyond-the-eu30-000,/post/beyond-the-eu30-000,INTERNAL,200,
/post/building-a-leadership-team,Read full article→,/post/beyond-the-eu30-000,/post/beyond-the-eu30-000,INTERNAL,200,
/post/building-a-leadership-team,,/post/the-cost-of-refusing-to-adapt,/post/the-cost-of-refusing-to-adapt,INTERNAL,200,
/post/building-a-leadership-team,The Cost of Refusing to Adapt,/post/the-cost-of-refusing-to-adapt,/post/the-cost-of-refusing-to-adapt,INTERNAL,200,
/post/building-a-leadership-team,Read full article→,/post/the-cost-of-refusing-to-adapt,/post/the-cost-of-refusing-to-adapt,INTERNAL,200,
/post/building-a-leadership-team,About,/about,/about,INTERNAL,200,
/post/building-a-leadership-team,What we do,/#what-we-do,/,INTERNAL,200,
/post/building-a-leadership-team,Work / Case studies,/work,/work,INTERNAL,200,
/post/building-a-leadership-team,Brand Credibility Scorecard,/scorecard,/scorecard,INTERNAL,200,
/post/building-a-leadership-team,Contact,/contact,/contact,INTERNAL,200,
/post/building-a-leadership-team,LinkedIn,https://www.linkedin.com/company/nexubis/,,EXTERNAL,,
/post/building-a-leadership-team,Instagram,https://www.instagram.com/nexubis.design/,,EXTERNAL,,
/post/building-fast-vs-building-right,,/,/,INTERNAL,200,
/post/building-fast-vs-building-right,Altify,/work/altify,/work/altify,INTERNAL,200,
/post/building-fast-vs-building-right,Circuit,/work/circuit,/work/circuit,INTERNAL,200,
/post/building-fast-vs-building-right,Oxipack,/work/oxipack,/work/oxipack,INTERNAL,200,
/post/building-fast-vs-building-right,Packages,/packages,/packages,INTERNAL,200,
/post/building-fast-vs-building-right,Dreamlab,/blog,/blog,INTERNAL,200,
/post/building-fast-vs-building-right,Book an application callBook a Call,/contact,/contact,INTERNAL,200,
/post/building-fast-vs-building-right,Home,/,/,INTERNAL,200,
/post/building-fast-vs-building-right,Dreamlab,/blog,/blog,INTERNAL,200,
/post/building-fast-vs-building-right,Pricing,/packages,/packages,INTERNAL,200,
/post/building-fast-vs-building-right,Altify,/work/altify,/work/altify,INTERNAL,200,
/post/building-fast-vs-building-right,Circuit,/work/circuit,/work/circuit,INTERNAL,200,
/post/building-fast-vs-building-right,Oxipack,/work/oxipack,/work/oxipack,INTERNAL,200,
/post/building-fast-vs-building-right,,/post/when-branding-does-and-doesnt-matter,/post/when-branding-does-and-doesnt-matter,INTERNAL,200,
/post/building-fast-vs-building-right,When Branding Does (and Doesn’t) Matter,/post/when-branding-does-and-doesnt-matter,/post/when-branding-does-and-doesnt-matter,INTERNAL,200,
/post/building-fast-vs-building-right,Read full article→,/post/when-branding-does-and-doesnt-matter,/post/when-branding-does-and-doesnt-matter,INTERNAL,200,
/post/building-fast-vs-building-right,,/post/the-tech-stack-we-actually-recommend,/post/the-tech-stack-we-actually-recommend,INTERNAL,200,
/post/building-fast-vs-building-right,The Tech Stack We Actually Recommend,/post/the-tech-stack-we-actually-recommend,/post/the-tech-stack-we-actually-recommend,INTERNAL,200,
/post/building-fast-vs-building-right,Read full article→,/post/the-tech-stack-we-actually-recommend,/post/the-tech-stack-we-actually-recommend,INTERNAL,200,
/post/building-fast-vs-building-right,,/post/what-early-stage-founders-spend-way-too-much-time-on,/post/what-early-stage-founders-spend-way-too-much-time-on,INTERNAL,200,
/post/building-fast-vs-building-right,Startup Time Traps,/post/what-early-stage-founders-spend-way-too-much-time-on,/post/what-early-stage-founders-spend-way-too-much-time-on,INTERNAL,200,
/post/building-fast-vs-building-right,Read full article→,/post/what-early-stage-founders-spend-way-too-much-time-on,/post/what-early-stage-founders-spend-way-too-much-time-on,INTERNAL,200,
/post/building-fast-vs-building-right,About,/about,/about,INTERNAL,200,
/post/building-fast-vs-building-right,What we do,/#what-we-do,/,INTERNAL,200,
/post/building-fast-vs-building-right,Work / Case studies,/work,/work,INTERNAL,200,
/post/building-fast-vs-building-right,Brand Credibility Scorecard,/scorecard,/scorecard,INTERNAL,200,
/post/building-fast-vs-building-right,Contact,/contact,/contact,INTERNAL,200,
/post/building-fast-vs-building-right,LinkedIn,https://www.linkedin.com/company/nexubis/,,EXTERNAL,,
/post/building-fast-vs-building-right,Instagram,https://www.instagram.com/nexubis.design/,,EXTERNAL,,
/post/circuit-securing-nexubis,,/,/,INTERNAL,200,
/post/circuit-securing-nexubis,Altify,/work/altify,/work/altify,INTERNAL,200,
/post/circuit-securing-nexubis,Circuit,/work/circuit,/work/circuit,INTERNAL,200,
/post/circuit-securing-nexubis,Oxipack,/work/oxipack,/work/oxipack,INTERNAL,200,
/post/circuit-securing-nexubis,Packages,/packages,/packages,INTERNAL,200,
/post/circuit-securing-nexubis,Dreamlab,/blog,/blog,INTERNAL,200,
/post/circuit-securing-nexubis,Book an application callBook a Call,/contact,/contact,INTERNAL,200,
/post/circuit-securing-nexubis,Home,/,/,INTERNAL,200,
/post/circuit-securing-nexubis,Dreamlab,/blog,/blog,INTERNAL,200,
/post/circuit-securing-nexubis,Pricing,/packages,/packages,INTERNAL,200,
/post/circuit-securing-nexubis,Altify,/work/altify,/work/altify,INTERNAL,200,
/post/circuit-securing-nexubis,Circuit,/work/circuit,/work/circuit,INTERNAL,200,
/post/circuit-securing-nexubis,Oxipack,/work/oxipack,/work/oxipack,INTERNAL,200,
/post/circuit-securing-nexubis,,/post/oxipack-empowering-nexubis,/post/oxipack-empowering-nexubis,INTERNAL,200,
/post/circuit-securing-nexubis,Oxipack: Funding Nexubis,/post/oxipack-empowering-nexubis,/post/oxipack-empowering-nexubis,INTERNAL,200,
/post/circuit-securing-nexubis,Read full article→,/post/oxipack-empowering-nexubis,/post/oxipack-empowering-nexubis,INTERNAL,200,
/post/circuit-securing-nexubis,,/post/altify-empowering-nexubis,/post/altify-empowering-nexubis,INTERNAL,200,
/post/circuit-securing-nexubis,Altify: Empowering Nexubis,/post/altify-empowering-nexubis,/post/altify-empowering-nexubis,INTERNAL,200,
/post/circuit-securing-nexubis,Read full article→,/post/altify-empowering-nexubis,/post/altify-empowering-nexubis,INTERNAL,200,
/post/circuit-securing-nexubis,,/post/empowering-women-with-project-flamingo,/post/empowering-women-with-project-flamingo,INTERNAL,200,
/post/circuit-securing-nexubis,Empowering Women with Project Flamingo,/post/empowering-women-with-project-flamingo,/post/empowering-women-with-project-flamingo,INTERNAL,200,
/post/circuit-securing-nexubis,Read full article→,/post/empowering-women-with-project-flamingo,/post/empowering-women-with-project-flamingo,INTERNAL,200,
/post/circuit-securing-nexubis,About,/about,/about,INTERNAL,200,
/post/circuit-securing-nexubis,What we do,/#what-we-do,/,INTERNAL,200,
/post/circuit-securing-nexubis,Work / Case studies,/work,/work,INTERNAL,200,
/post/circuit-securing-nexubis,Brand Credibility Scorecard,/scorecard,/scorecard,INTERNAL,200,
/post/circuit-securing-nexubis,Contact,/contact,/contact,INTERNAL,200,
/post/circuit-securing-nexubis,LinkedIn,https://www.linkedin.com/company/nexubis/,,EXTERNAL,,
/post/circuit-securing-nexubis,Instagram,https://www.instagram.com/nexubis.design/,,EXTERNAL,,
/post/dick-proves-the-agency-stereotype,,/,/,INTERNAL,200,
/post/dick-proves-the-agency-stereotype,Altify,/work/altify,/work/altify,INTERNAL,200,
/post/dick-proves-the-agency-stereotype,Circuit,/work/circuit,/work/circuit,INTERNAL,200,
/post/dick-proves-the-agency-stereotype,Oxipack,/work/oxipack,/work/oxipack,INTERNAL,200,
/post/dick-proves-the-agency-stereotype,Packages,/packages,/packages,INTERNAL,200,
/post/dick-proves-the-agency-stereotype,Dreamlab,/blog,/blog,INTERNAL,200,
/post/dick-proves-the-agency-stereotype,Book an application callBook a Call,/contact,/contact,INTERNAL,200,
/post/dick-proves-the-agency-stereotype,Home,/,/,INTERNAL,200,
/post/dick-proves-the-agency-stereotype,Dreamlab,/blog,/blog,INTERNAL,200,
/post/dick-proves-the-agency-stereotype,Pricing,/packages,/packages,INTERNAL,200,
/post/dick-proves-the-agency-stereotype,Altify,/work/altify,/work/altify,INTERNAL,200,
/post/dick-proves-the-agency-stereotype,Circuit,/work/circuit,/work/circuit,INTERNAL,200,
/post/dick-proves-the-agency-stereotype,Oxipack,/work/oxipack,/work/oxipack,INTERNAL,200,
/post/dick-proves-the-agency-stereotype,Oxipack: Funding Nexubis,/post/oxipack-empowering-nexubis,/post/oxipack-empowering-nexubis,INTERNAL,200,
/post/dick-proves-the-agency-stereotype,Altify: Empowering Nexubis,/post/altify-empowering-nexubis,/post/altify-empowering-nexubis,INTERNAL,200,
/post/dick-proves-the-agency-stereotype,Circuit: Securing Nexubis,/post/circuit-securing-nexubis,/post/circuit-securing-nexubis,INTERNAL,200,
/post/dick-proves-the-agency-stereotype,Dick Proves the Agency Stereotype,https://youtu.be/G1FICHGeMIk,,EXTERNAL,,
/post/dick-proves-the-agency-stereotype,,/post/metamorphosis,/post/metamorphosis,INTERNAL,200,
/post/dick-proves-the-agency-stereotype,Metamorphosis,/post/metamorphosis,/post/metamorphosis,INTERNAL,200,
/post/dick-proves-the-agency-stereotype,Read full article→,/post/metamorphosis,/post/metamorphosis,INTERNAL,200,
/post/dick-proves-the-agency-stereotype,,/post/beyond-the-eu30-000,/post/beyond-the-eu30-000,INTERNAL,200,
/post/dick-proves-the-agency-stereotype,Beyond the €30 000,/post/beyond-the-eu30-000,/post/beyond-the-eu30-000,INTERNAL,200,
/post/dick-proves-the-agency-stereotype,Read full article→,/post/beyond-the-eu30-000,/post/beyond-the-eu30-000,INTERNAL,200,
/post/dick-proves-the-agency-stereotype,,/post/the-cost-of-refusing-to-adapt,/post/the-cost-of-refusing-to-adapt,INTERNAL,200,
/post/dick-proves-the-agency-stereotype,The Cost of Refusing to Adapt,/post/the-cost-of-refusing-to-adapt,/post/the-cost-of-refusing-to-adapt,INTERNAL,200,
/post/dick-proves-the-agency-stereotype,Read full article→,/post/the-cost-of-refusing-to-adapt,/post/the-cost-of-refusing-to-adapt,INTERNAL,200,
/post/dick-proves-the-agency-stereotype,About,/about,/about,INTERNAL,200,
/post/dick-proves-the-agency-stereotype,What we do,/#what-we-do,/,INTERNAL,200,
/post/dick-proves-the-agency-stereotype,Work / Case studies,/work,/work,INTERNAL,200,
/post/dick-proves-the-agency-stereotype,Brand Credibility Scorecard,/scorecard,/scorecard,INTERNAL,200,
/post/dick-proves-the-agency-stereotype,Contact,/contact,/contact,INTERNAL,200,
/post/dick-proves-the-agency-stereotype,LinkedIn,https://www.linkedin.com/company/nexubis/,,EXTERNAL,,
/post/dick-proves-the-agency-stereotype,Instagram,https://www.instagram.com/nexubis.design/,,EXTERNAL,,
/post/do-something-useful,,/,/,INTERNAL,200,
/post/do-something-useful,Altify,/work/altify,/work/altify,INTERNAL,200,
/post/do-something-useful,Circuit,/work/circuit,/work/circuit,INTERNAL,200,
/post/do-something-useful,Oxipack,/work/oxipack,/work/oxipack,INTERNAL,200,
/post/do-something-useful,Packages,/packages,/packages,INTERNAL,200,
/post/do-something-useful,Dreamlab,/blog,/blog,INTERNAL,200,
/post/do-something-useful,Book an application callBook a Call,/contact,/contact,INTERNAL,200,
/post/do-something-useful,Home,/,/,INTERNAL,200,
/post/do-something-useful,Dreamlab,/blog,/blog,INTERNAL,200,
/post/do-something-useful,Pricing,/packages,/packages,INTERNAL,200,
/post/do-something-useful,Altify,/work/altify,/work/altify,INTERNAL,200,
/post/do-something-useful,Circuit,/work/circuit,/work/circuit,INTERNAL,200,
/post/do-something-useful,Oxipack,/work/oxipack,/work/oxipack,INTERNAL,200,
/post/do-something-useful,,/post/metamorphosis,/post/metamorphosis,INTERNAL,200,
/post/do-something-useful,Metamorphosis,/post/metamorphosis,/post/metamorphosis,INTERNAL,200,
/post/do-something-useful,Read full article→,/post/metamorphosis,/post/metamorphosis,INTERNAL,200,
/post/do-something-useful,,/post/beyond-the-eu30-000,/post/beyond-the-eu30-000,INTERNAL,200,
/post/do-something-useful,Beyond the €30 000,/post/beyond-the-eu30-000,/post/beyond-the-eu30-000,INTERNAL,200,
/post/do-something-useful,Read full article→,/post/beyond-the-eu30-000,/post/beyond-the-eu30-000,INTERNAL,200,
/post/do-something-useful,,/post/the-cost-of-refusing-to-adapt,/post/the-cost-of-refusing-to-adapt,INTERNAL,200,
/post/do-something-useful,The Cost of Refusing to Adapt,/post/the-cost-of-refusing-to-adapt,/post/the-cost-of-refusing-to-adapt,INTERNAL,200,
/post/do-something-useful,Read full article→,/post/the-cost-of-refusing-to-adapt,/post/the-cost-of-refusing-to-adapt,INTERNAL,200,
/post/do-something-useful,About,/about,/about,INTERNAL,200,
/post/do-something-useful,What we do,/#what-we-do,/,INTERNAL,200,
/post/do-something-useful,Work / Case studies,/work,/work,INTERNAL,200,
/post/do-something-useful,Brand Credibility Scorecard,/scorecard,/scorecard,INTERNAL,200,
/post/do-something-useful,Contact,/contact,/contact,INTERNAL,200,
/post/do-something-useful,LinkedIn,https://www.linkedin.com/company/nexubis/,,EXTERNAL,,
/post/do-something-useful,Instagram,https://www.instagram.com/nexubis.design/,,EXTERNAL,,
/post/dont-be-an-idiot-sandwich,,/,/,INTERNAL,200,
/post/dont-be-an-idiot-sandwich,Altify,/work/altify,/work/altify,INTERNAL,200,
/post/dont-be-an-idiot-sandwich,Circuit,/work/circuit,/work/circuit,INTERNAL,200,
/post/dont-be-an-idiot-sandwich,Oxipack,/work/oxipack,/work/oxipack,INTERNAL,200,
/post/dont-be-an-idiot-sandwich,Packages,/packages,/packages,INTERNAL,200,
/post/dont-be-an-idiot-sandwich,Dreamlab,/blog,/blog,INTERNAL,200,
/post/dont-be-an-idiot-sandwich,Book an application callBook a Call,/contact,/contact,INTERNAL,200,
/post/dont-be-an-idiot-sandwich,Home,/,/,INTERNAL,200,
/post/dont-be-an-idiot-sandwich,Dreamlab,/blog,/blog,INTERNAL,200,
/post/dont-be-an-idiot-sandwich,Pricing,/packages,/packages,INTERNAL,200,
/post/dont-be-an-idiot-sandwich,Altify,/work/altify,/work/altify,INTERNAL,200,
/post/dont-be-an-idiot-sandwich,Circuit,/work/circuit,/work/circuit,INTERNAL,200,
/post/dont-be-an-idiot-sandwich,Oxipack,/work/oxipack,/work/oxipack,INTERNAL,200,
/post/dont-be-an-idiot-sandwich,,/post/metamorphosis,/post/metamorphosis,INTERNAL,200,
/post/dont-be-an-idiot-sandwich,Metamorphosis,/post/metamorphosis,/post/metamorphosis,INTERNAL,200,
/post/dont-be-an-idiot-sandwich,Read full article→,/post/metamorphosis,/post/metamorphosis,INTERNAL,200,
/post/dont-be-an-idiot-sandwich,,/post/beyond-the-eu30-000,/post/beyond-the-eu30-000,INTERNAL,200,
/post/dont-be-an-idiot-sandwich,Beyond the €30 000,/post/beyond-the-eu30-000,/post/beyond-the-eu30-000,INTERNAL,200,
/post/dont-be-an-idiot-sandwich,Read full article→,/post/beyond-the-eu30-000,/post/beyond-the-eu30-000,INTERNAL,200,
/post/dont-be-an-idiot-sandwich,,/post/the-cost-of-refusing-to-adapt,/post/the-cost-of-refusing-to-adapt,INTERNAL,200,
/post/dont-be-an-idiot-sandwich,The Cost of Refusing to Adapt,/post/the-cost-of-refusing-to-adapt,/post/the-cost-of-refusing-to-adapt,INTERNAL,200,
/post/dont-be-an-idiot-sandwich,Read full article→,/post/the-cost-of-refusing-to-adapt,/post/the-cost-of-refusing-to-adapt,INTERNAL,200,
/post/dont-be-an-idiot-sandwich,About,/about,/about,INTERNAL,200,
/post/dont-be-an-idiot-sandwich,What we do,/#what-we-do,/,INTERNAL,200,
/post/dont-be-an-idiot-sandwich,Work / Case studies,/work,/work,INTERNAL,200,
/post/dont-be-an-idiot-sandwich,Brand Credibility Scorecard,/scorecard,/scorecard,INTERNAL,200,
/post/dont-be-an-idiot-sandwich,Contact,/contact,/contact,INTERNAL,200,
/post/dont-be-an-idiot-sandwich,LinkedIn,https://www.linkedin.com/company/nexubis/,,EXTERNAL,,
/post/dont-be-an-idiot-sandwich,Instagram,https://www.instagram.com/nexubis.design/,,EXTERNAL,,
/post/dont-turn-into-a-robot,,/,/,INTERNAL,200,
/post/dont-turn-into-a-robot,Altify,/work/altify,/work/altify,INTERNAL,200,
/post/dont-turn-into-a-robot,Circuit,/work/circuit,/work/circuit,INTERNAL,200,
/post/dont-turn-into-a-robot,Oxipack,/work/oxipack,/work/oxipack,INTERNAL,200,
/post/dont-turn-into-a-robot,Packages,/packages,/packages,INTERNAL,200,
/post/dont-turn-into-a-robot,Dreamlab,/blog,/blog,INTERNAL,200,
/post/dont-turn-into-a-robot,Book an application callBook a Call,/contact,/contact,INTERNAL,200,
/post/dont-turn-into-a-robot,Home,/,/,INTERNAL,200,
/post/dont-turn-into-a-robot,Dreamlab,/blog,/blog,INTERNAL,200,
/post/dont-turn-into-a-robot,Pricing,/packages,/packages,INTERNAL,200,
/post/dont-turn-into-a-robot,Altify,/work/altify,/work/altify,INTERNAL,200,
/post/dont-turn-into-a-robot,Circuit,/work/circuit,/work/circuit,INTERNAL,200,
/post/dont-turn-into-a-robot,Oxipack,/work/oxipack,/work/oxipack,INTERNAL,200,
/post/dont-turn-into-a-robot,"firing fast, promoting faster",/post/fire-faster-promote-faster,/post/fire-faster-promote-faster,INTERNAL,200,
/post/dont-turn-into-a-robot,building leadership from within,/post/building-a-leadership-team,/post/building-a-leadership-team,INTERNAL,200,
/post/dont-turn-into-a-robot,,/post/metamorphosis,/post/metamorphosis,INTERNAL,200,
/post/dont-turn-into-a-robot,Metamorphosis,/post/metamorphosis,/post/metamorphosis,INTERNAL,200,
/post/dont-turn-into-a-robot,Read full article→,/post/metamorphosis,/post/metamorphosis,INTERNAL,200,
/post/dont-turn-into-a-robot,,/post/beyond-the-eu30-000,/post/beyond-the-eu30-000,INTERNAL,200,
/post/dont-turn-into-a-robot,Beyond the €30 000,/post/beyond-the-eu30-000,/post/beyond-the-eu30-000,INTERNAL,200,
/post/dont-turn-into-a-robot,Read full article→,/post/beyond-the-eu30-000,/post/beyond-the-eu30-000,INTERNAL,200,
/post/dont-turn-into-a-robot,,/post/the-cost-of-refusing-to-adapt,/post/the-cost-of-refusing-to-adapt,INTERNAL,200,
/post/dont-turn-into-a-robot,The Cost of Refusing to Adapt,/post/the-cost-of-refusing-to-adapt,/post/the-cost-of-refusing-to-adapt,INTERNAL,200,
/post/dont-turn-into-a-robot,Read full article→,/post/the-cost-of-refusing-to-adapt,/post/the-cost-of-refusing-to-adapt,INTERNAL,200,
/post/dont-turn-into-a-robot,About,/about,/about,INTERNAL,200,
/post/dont-turn-into-a-robot,What we do,/#what-we-do,/,INTERNAL,200,
/post/dont-turn-into-a-robot,Work / Case studies,/work,/work,INTERNAL,200,
/post/dont-turn-into-a-robot,Brand Credibility Scorecard,/scorecard,/scorecard,INTERNAL,200,
/post/dont-turn-into-a-robot,Contact,/contact,/contact,INTERNAL,200,
/post/dont-turn-into-a-robot,LinkedIn,https://www.linkedin.com/company/nexubis/,,EXTERNAL,,
/post/dont-turn-into-a-robot,Instagram,https://www.instagram.com/nexubis.design/,,EXTERNAL,,
/post/dragonborn,,/,/,INTERNAL,200,
/post/dragonborn,Altify,/work/altify,/work/altify,INTERNAL,200,
/post/dragonborn,Circuit,/work/circuit,/work/circuit,INTERNAL,200,
/post/dragonborn,Oxipack,/work/oxipack,/work/oxipack,INTERNAL,200,
/post/dragonborn,Packages,/packages,/packages,INTERNAL,200,
/post/dragonborn,Dreamlab,/blog,/blog,INTERNAL,200,
/post/dragonborn,Book an application callBook a Call,/contact,/contact,INTERNAL,200,
/post/dragonborn,Home,/,/,INTERNAL,200,
/post/dragonborn,Dreamlab,/blog,/blog,INTERNAL,200,
/post/dragonborn,Pricing,/packages,/packages,INTERNAL,200,
/post/dragonborn,Altify,/work/altify,/work/altify,INTERNAL,200,
/post/dragonborn,Circuit,/work/circuit,/work/circuit,INTERNAL,200,
/post/dragonborn,Oxipack,/work/oxipack,/work/oxipack,INTERNAL,200,
/post/dragonborn,,/post/metamorphosis,/post/metamorphosis,INTERNAL,200,
/post/dragonborn,Metamorphosis,/post/metamorphosis,/post/metamorphosis,INTERNAL,200,
/post/dragonborn,Read full article→,/post/metamorphosis,/post/metamorphosis,INTERNAL,200,
/post/dragonborn,,/post/beyond-the-eu30-000,/post/beyond-the-eu30-000,INTERNAL,200,
/post/dragonborn,Beyond the €30 000,/post/beyond-the-eu30-000,/post/beyond-the-eu30-000,INTERNAL,200,
/post/dragonborn,Read full article→,/post/beyond-the-eu30-000,/post/beyond-the-eu30-000,INTERNAL,200,
/post/dragonborn,,/post/the-cost-of-refusing-to-adapt,/post/the-cost-of-refusing-to-adapt,INTERNAL,200,
/post/dragonborn,The Cost of Refusing to Adapt,/post/the-cost-of-refusing-to-adapt,/post/the-cost-of-refusing-to-adapt,INTERNAL,200,
/post/dragonborn,Read full article→,/post/the-cost-of-refusing-to-adapt,/post/the-cost-of-refusing-to-adapt,INTERNAL,200,
/post/dragonborn,About,/about,/about,INTERNAL,200,
/post/dragonborn,What we do,/#what-we-do,/,INTERNAL,200,
/post/dragonborn,Work / Case studies,/work,/work,INTERNAL,200,
/post/dragonborn,Brand Credibility Scorecard,/scorecard,/scorecard,INTERNAL,200,
/post/dragonborn,Contact,/contact,/contact,INTERNAL,200,
/post/dragonborn,LinkedIn,https://www.linkedin.com/company/nexubis/,,EXTERNAL,,
/post/dragonborn,Instagram,https://www.instagram.com/nexubis.design/,,EXTERNAL,,
/post/eat-the-rich,,/,/,INTERNAL,200,
/post/eat-the-rich,Altify,/work/altify,/work/altify,INTERNAL,200,
/post/eat-the-rich,Circuit,/work/circuit,/work/circuit,INTERNAL,200,
/post/eat-the-rich,Oxipack,/work/oxipack,/work/oxipack,INTERNAL,200,
/post/eat-the-rich,Packages,/packages,/packages,INTERNAL,200,
/post/eat-the-rich,Dreamlab,/blog,/blog,INTERNAL,200,
/post/eat-the-rich,Book an application callBook a Call,/contact,/contact,INTERNAL,200,
/post/eat-the-rich,Home,/,/,INTERNAL,200,
/post/eat-the-rich,Dreamlab,/blog,/blog,INTERNAL,200,
/post/eat-the-rich,Pricing,/packages,/packages,INTERNAL,200,
/post/eat-the-rich,Altify,/work/altify,/work/altify,INTERNAL,200,
/post/eat-the-rich,Circuit,/work/circuit,/work/circuit,INTERNAL,200,
/post/eat-the-rich,Oxipack,/work/oxipack,/work/oxipack,INTERNAL,200,
/post/eat-the-rich,,/post/metamorphosis,/post/metamorphosis,INTERNAL,200,
/post/eat-the-rich,Metamorphosis,/post/metamorphosis,/post/metamorphosis,INTERNAL,200,
/post/eat-the-rich,Read full article→,/post/metamorphosis,/post/metamorphosis,INTERNAL,200,
/post/eat-the-rich,,/post/beyond-the-eu30-000,/post/beyond-the-eu30-000,INTERNAL,200,
/post/eat-the-rich,Beyond the €30 000,/post/beyond-the-eu30-000,/post/beyond-the-eu30-000,INTERNAL,200,
/post/eat-the-rich,Read full article→,/post/beyond-the-eu30-000,/post/beyond-the-eu30-000,INTERNAL,200,
/post/eat-the-rich,,/post/the-cost-of-refusing-to-adapt,/post/the-cost-of-refusing-to-adapt,INTERNAL,200,
/post/eat-the-rich,The Cost of Refusing to Adapt,/post/the-cost-of-refusing-to-adapt,/post/the-cost-of-refusing-to-adapt,INTERNAL,200,
/post/eat-the-rich,Read full article→,/post/the-cost-of-refusing-to-adapt,/post/the-cost-of-refusing-to-adapt,INTERNAL,200,
/post/eat-the-rich,About,/about,/about,INTERNAL,200,
/post/eat-the-rich,What we do,/#what-we-do,/,INTERNAL,200,
/post/eat-the-rich,Work / Case studies,/work,/work,INTERNAL,200,
/post/eat-the-rich,Brand Credibility Scorecard,/scorecard,/scorecard,INTERNAL,200,
/post/eat-the-rich,Contact,/contact,/contact,INTERNAL,200,
/post/eat-the-rich,LinkedIn,https://www.linkedin.com/company/nexubis/,,EXTERNAL,,
/post/eat-the-rich,Instagram,https://www.instagram.com/nexubis.design/,,EXTERNAL,,
/post/empowering-clients,,/,/,INTERNAL,200,
/post/empowering-clients,Altify,/work/altify,/work/altify,INTERNAL,200,
/post/empowering-clients,Circuit,/work/circuit,/work/circuit,INTERNAL,200,
/post/empowering-clients,Oxipack,/work/oxipack,/work/oxipack,INTERNAL,200,
/post/empowering-clients,Packages,/packages,/packages,INTERNAL,200,
/post/empowering-clients,Dreamlab,/blog,/blog,INTERNAL,200,
/post/empowering-clients,Book an application callBook a Call,/contact,/contact,INTERNAL,200,
/post/empowering-clients,Home,/,/,INTERNAL,200,
/post/empowering-clients,Dreamlab,/blog,/blog,INTERNAL,200,
/post/empowering-clients,Pricing,/packages,/packages,INTERNAL,200,
/post/empowering-clients,Altify,/work/altify,/work/altify,INTERNAL,200,
/post/empowering-clients,Circuit,/work/circuit,/work/circuit,INTERNAL,200,
/post/empowering-clients,Oxipack,/work/oxipack,/work/oxipack,INTERNAL,200,
/post/empowering-clients,,/post/circuit-securing-nexubis,/post/circuit-securing-nexubis,INTERNAL,200,
/post/empowering-clients,Circuit: Securing Nexubis,/post/circuit-securing-nexubis,/post/circuit-securing-nexubis,INTERNAL,200,
/post/empowering-clients,Read full article→,/post/circuit-securing-nexubis,/post/circuit-securing-nexubis,INTERNAL,200,
/post/empowering-clients,,/post/oxipack-empowering-nexubis,/post/oxipack-empowering-nexubis,INTERNAL,200,
/post/empowering-clients,Oxipack: Funding Nexubis,/post/oxipack-empowering-nexubis,/post/oxipack-empowering-nexubis,INTERNAL,200,
/post/empowering-clients,Read full article→,/post/oxipack-empowering-nexubis,/post/oxipack-empowering-nexubis,INTERNAL,200,
/post/empowering-clients,,/post/altify-empowering-nexubis,/post/altify-empowering-nexubis,INTERNAL,200,
/post/empowering-clients,Altify: Empowering Nexubis,/post/altify-empowering-nexubis,/post/altify-empowering-nexubis,INTERNAL,200,
/post/empowering-clients,Read full article→,/post/altify-empowering-nexubis,/post/altify-empowering-nexubis,INTERNAL,200,
/post/empowering-clients,About,/about,/about,INTERNAL,200,
/post/empowering-clients,What we do,/#what-we-do,/,INTERNAL,200,
/post/empowering-clients,Work / Case studies,/work,/work,INTERNAL,200,
/post/empowering-clients,Brand Credibility Scorecard,/scorecard,/scorecard,INTERNAL,200,
/post/empowering-clients,Contact,/contact,/contact,INTERNAL,200,
/post/empowering-clients,LinkedIn,https://www.linkedin.com/company/nexubis/,,EXTERNAL,,
/post/empowering-clients,Instagram,https://www.instagram.com/nexubis.design/,,EXTERNAL,,
/post/empowering-communities,,/,/,INTERNAL,200,
/post/empowering-communities,Altify,/work/altify,/work/altify,INTERNAL,200,
/post/empowering-communities,Circuit,/work/circuit,/work/circuit,INTERNAL,200,
/post/empowering-communities,Oxipack,/work/oxipack,/work/oxipack,INTERNAL,200,
/post/empowering-communities,Packages,/packages,/packages,INTERNAL,200,
/post/empowering-communities,Dreamlab,/blog,/blog,INTERNAL,200,
/post/empowering-communities,Book an application callBook a Call,/contact,/contact,INTERNAL,200,
/post/empowering-communities,Home,/,/,INTERNAL,200,
/post/empowering-communities,Dreamlab,/blog,/blog,INTERNAL,200,
/post/empowering-communities,Pricing,/packages,/packages,INTERNAL,200,
/post/empowering-communities,Altify,/work/altify,/work/altify,INTERNAL,200,
/post/empowering-communities,Circuit,/work/circuit,/work/circuit,INTERNAL,200,
/post/empowering-communities,Oxipack,/work/oxipack,/work/oxipack,INTERNAL,200,
/post/empowering-communities,,/post/circuit-securing-nexubis,/post/circuit-securing-nexubis,INTERNAL,200,
/post/empowering-communities,Circuit: Securing Nexubis,/post/circuit-securing-nexubis,/post/circuit-securing-nexubis,INTERNAL,200,
/post/empowering-communities,Read full article→,/post/circuit-securing-nexubis,/post/circuit-securing-nexubis,INTERNAL,200,
/post/empowering-communities,,/post/oxipack-empowering-nexubis,/post/oxipack-empowering-nexubis,INTERNAL,200,
/post/empowering-communities,Oxipack: Funding Nexubis,/post/oxipack-empowering-nexubis,/post/oxipack-empowering-nexubis,INTERNAL,200,
/post/empowering-communities,Read full article→,/post/oxipack-empowering-nexubis,/post/oxipack-empowering-nexubis,INTERNAL,200,
/post/empowering-communities,,/post/altify-empowering-nexubis,/post/altify-empowering-nexubis,INTERNAL,200,
/post/empowering-communities,Altify: Empowering Nexubis,/post/altify-empowering-nexubis,/post/altify-empowering-nexubis,INTERNAL,200,
/post/empowering-communities,Read full article→,/post/altify-empowering-nexubis,/post/altify-empowering-nexubis,INTERNAL,200,
/post/empowering-communities,About,/about,/about,INTERNAL,200,
/post/empowering-communities,What we do,/#what-we-do,/,INTERNAL,200,
/post/empowering-communities,Work / Case studies,/work,/work,INTERNAL,200,
/post/empowering-communities,Brand Credibility Scorecard,/scorecard,/scorecard,INTERNAL,200,
/post/empowering-communities,Contact,/contact,/contact,INTERNAL,200,
/post/empowering-communities,LinkedIn,https://www.linkedin.com/company/nexubis/,,EXTERNAL,,
/post/empowering-communities,Instagram,https://www.instagram.com/nexubis.design/,,EXTERNAL,,
/post/empowering-founders,,/,/,INTERNAL,200,
/post/empowering-founders,Altify,/work/altify,/work/altify,INTERNAL,200,
/post/empowering-founders,Circuit,/work/circuit,/work/circuit,INTERNAL,200,
/post/empowering-founders,Oxipack,/work/oxipack,/work/oxipack,INTERNAL,200,
/post/empowering-founders,Packages,/packages,/packages,INTERNAL,200,
/post/empowering-founders,Dreamlab,/blog,/blog,INTERNAL,200,
/post/empowering-founders,Book an application callBook a Call,/contact,/contact,INTERNAL,200,
/post/empowering-founders,Home,/,/,INTERNAL,200,
/post/empowering-founders,Dreamlab,/blog,/blog,INTERNAL,200,
/post/empowering-founders,Pricing,/packages,/packages,INTERNAL,200,
/post/empowering-founders,Altify,/work/altify,/work/altify,INTERNAL,200,
/post/empowering-founders,Circuit,/work/circuit,/work/circuit,INTERNAL,200,
/post/empowering-founders,Oxipack,/work/oxipack,/work/oxipack,INTERNAL,200,
/post/empowering-founders,,/post/circuit-securing-nexubis,/post/circuit-securing-nexubis,INTERNAL,200,
/post/empowering-founders,Circuit: Securing Nexubis,/post/circuit-securing-nexubis,/post/circuit-securing-nexubis,INTERNAL,200,
/post/empowering-founders,Read full article→,/post/circuit-securing-nexubis,/post/circuit-securing-nexubis,INTERNAL,200,
/post/empowering-founders,,/post/oxipack-empowering-nexubis,/post/oxipack-empowering-nexubis,INTERNAL,200,
/post/empowering-founders,Oxipack: Funding Nexubis,/post/oxipack-empowering-nexubis,/post/oxipack-empowering-nexubis,INTERNAL,200,
/post/empowering-founders,Read full article→,/post/oxipack-empowering-nexubis,/post/oxipack-empowering-nexubis,INTERNAL,200,
/post/empowering-founders,,/post/altify-empowering-nexubis,/post/altify-empowering-nexubis,INTERNAL,200,
/post/empowering-founders,Altify: Empowering Nexubis,/post/altify-empowering-nexubis,/post/altify-empowering-nexubis,INTERNAL,200,
/post/empowering-founders,Read full article→,/post/altify-empowering-nexubis,/post/altify-empowering-nexubis,INTERNAL,200,
/post/empowering-founders,About,/about,/about,INTERNAL,200,
/post/empowering-founders,What we do,/#what-we-do,/,INTERNAL,200,
/post/empowering-founders,Work / Case studies,/work,/work,INTERNAL,200,
/post/empowering-founders,Brand Credibility Scorecard,/scorecard,/scorecard,INTERNAL,200,
/post/empowering-founders,Contact,/contact,/contact,INTERNAL,200,
/post/empowering-founders,LinkedIn,https://www.linkedin.com/company/nexubis/,,EXTERNAL,,
/post/empowering-founders,Instagram,https://www.instagram.com/nexubis.design/,,EXTERNAL,,
/post/empowering-teams,,/,/,INTERNAL,200,
/post/empowering-teams,Altify,/work/altify,/work/altify,INTERNAL,200,
/post/empowering-teams,Circuit,/work/circuit,/work/circuit,INTERNAL,200,
/post/empowering-teams,Oxipack,/work/oxipack,/work/oxipack,INTERNAL,200,
/post/empowering-teams,Packages,/packages,/packages,INTERNAL,200,
/post/empowering-teams,Dreamlab,/blog,/blog,INTERNAL,200,
/post/empowering-teams,Book an application callBook a Call,/contact,/contact,INTERNAL,200,
/post/empowering-teams,Home,/,/,INTERNAL,200,
/post/empowering-teams,Dreamlab,/blog,/blog,INTERNAL,200,
/post/empowering-teams,Pricing,/packages,/packages,INTERNAL,200,
/post/empowering-teams,Altify,/work/altify,/work/altify,INTERNAL,200,
/post/empowering-teams,Circuit,/work/circuit,/work/circuit,INTERNAL,200,
/post/empowering-teams,Oxipack,/work/oxipack,/work/oxipack,INTERNAL,200,
/post/empowering-teams,,/post/circuit-securing-nexubis,/post/circuit-securing-nexubis,INTERNAL,200,
/post/empowering-teams,Circuit: Securing Nexubis,/post/circuit-securing-nexubis,/post/circuit-securing-nexubis,INTERNAL,200,
/post/empowering-teams,Read full article→,/post/circuit-securing-nexubis,/post/circuit-securing-nexubis,INTERNAL,200,
/post/empowering-teams,,/post/oxipack-empowering-nexubis,/post/oxipack-empowering-nexubis,INTERNAL,200,
/post/empowering-teams,Oxipack: Funding Nexubis,/post/oxipack-empowering-nexubis,/post/oxipack-empowering-nexubis,INTERNAL,200,
/post/empowering-teams,Read full article→,/post/oxipack-empowering-nexubis,/post/oxipack-empowering-nexubis,INTERNAL,200,
/post/empowering-teams,,/post/altify-empowering-nexubis,/post/altify-empowering-nexubis,INTERNAL,200,
/post/empowering-teams,Altify: Empowering Nexubis,/post/altify-empowering-nexubis,/post/altify-empowering-nexubis,INTERNAL,200,
/post/empowering-teams,Read full article→,/post/altify-empowering-nexubis,/post/altify-empowering-nexubis,INTERNAL,200,
/post/empowering-teams,About,/about,/about,INTERNAL,200,
/post/empowering-teams,What we do,/#what-we-do,/,INTERNAL,200,
/post/empowering-teams,Work / Case studies,/work,/work,INTERNAL,200,
/post/empowering-teams,Brand Credibility Scorecard,/scorecard,/scorecard,INTERNAL,200,
/post/empowering-teams,Contact,/contact,/contact,INTERNAL,200,
/post/empowering-teams,LinkedIn,https://www.linkedin.com/company/nexubis/,,EXTERNAL,,
/post/empowering-teams,Instagram,https://www.instagram.com/nexubis.design/,,EXTERNAL,,
/post/empowering-women-with-project-flamingo,,/,/,INTERNAL,200,
/post/empowering-women-with-project-flamingo,Altify,/work/altify,/work/altify,INTERNAL,200,
/post/empowering-women-with-project-flamingo,Circuit,/work/circuit,/work/circuit,INTERNAL,200,
/post/empowering-women-with-project-flamingo,Oxipack,/work/oxipack,/work/oxipack,INTERNAL,200,
/post/empowering-women-with-project-flamingo,Packages,/packages,/packages,INTERNAL,200,
/post/empowering-women-with-project-flamingo,Dreamlab,/blog,/blog,INTERNAL,200,
/post/empowering-women-with-project-flamingo,Book an application callBook a Call,/contact,/contact,INTERNAL,200,
/post/empowering-women-with-project-flamingo,Home,/,/,INTERNAL,200,
/post/empowering-women-with-project-flamingo,Dreamlab,/blog,/blog,INTERNAL,200,
/post/empowering-women-with-project-flamingo,Pricing,/packages,/packages,INTERNAL,200,
/post/empowering-women-with-project-flamingo,Altify,/work/altify,/work/altify,INTERNAL,200,
/post/empowering-women-with-project-flamingo,Circuit,/work/circuit,/work/circuit,INTERNAL,200,
/post/empowering-women-with-project-flamingo,Oxipack,/work/oxipack,/work/oxipack,INTERNAL,200,
/post/empowering-women-with-project-flamingo,because the reason outweighs the grind.,/post/most-of-my-job-sucks,/post/most-of-my-job-sucks,INTERNAL,200,
/post/empowering-women-with-project-flamingo,,/post/circuit-securing-nexubis,/post/circuit-securing-nexubis,INTERNAL,200,
/post/empowering-women-with-project-flamingo,Circuit: Securing Nexubis,/post/circuit-securing-nexubis,/post/circuit-securing-nexubis,INTERNAL,200,
/post/empowering-women-with-project-flamingo,Read full article→,/post/circuit-securing-nexubis,/post/circuit-securing-nexubis,INTERNAL,200,
/post/empowering-women-with-project-flamingo,,/post/oxipack-empowering-nexubis,/post/oxipack-empowering-nexubis,INTERNAL,200,
/post/empowering-women-with-project-flamingo,Oxipack: Funding Nexubis,/post/oxipack-empowering-nexubis,/post/oxipack-empowering-nexubis,INTERNAL,200,
/post/empowering-women-with-project-flamingo,Read full article→,/post/oxipack-empowering-nexubis,/post/oxipack-empowering-nexubis,INTERNAL,200,
/post/empowering-women-with-project-flamingo,,/post/altify-empowering-nexubis,/post/altify-empowering-nexubis,INTERNAL,200,
/post/empowering-women-with-project-flamingo,Altify: Empowering Nexubis,/post/altify-empowering-nexubis,/post/altify-empowering-nexubis,INTERNAL,200,
/post/empowering-women-with-project-flamingo,Read full article→,/post/altify-empowering-nexubis,/post/altify-empowering-nexubis,INTERNAL,200,
/post/empowering-women-with-project-flamingo,About,/about,/about,INTERNAL,200,
/post/empowering-women-with-project-flamingo,What we do,/#what-we-do,/,INTERNAL,200,
/post/empowering-women-with-project-flamingo,Work / Case studies,/work,/work,INTERNAL,200,
/post/empowering-women-with-project-flamingo,Brand Credibility Scorecard,/scorecard,/scorecard,INTERNAL,200,
/post/empowering-women-with-project-flamingo,Contact,/contact,/contact,INTERNAL,200,
/post/empowering-women-with-project-flamingo,LinkedIn,https://www.linkedin.com/company/nexubis/,,EXTERNAL,,
/post/empowering-women-with-project-flamingo,Instagram,https://www.instagram.com/nexubis.design/,,EXTERNAL,,
/post/fire-faster-promote-faster,,/,/,INTERNAL,200,
/post/fire-faster-promote-faster,Altify,/work/altify,/work/altify,INTERNAL,200,
/post/fire-faster-promote-faster,Circuit,/work/circuit,/work/circuit,INTERNAL,200,
/post/fire-faster-promote-faster,Oxipack,/work/oxipack,/work/oxipack,INTERNAL,200,
/post/fire-faster-promote-faster,Packages,/packages,/packages,INTERNAL,200,
/post/fire-faster-promote-faster,Dreamlab,/blog,/blog,INTERNAL,200,
/post/fire-faster-promote-faster,Book an application callBook a Call,/contact,/contact,INTERNAL,200,
/post/fire-faster-promote-faster,Home,/,/,INTERNAL,200,
/post/fire-faster-promote-faster,Dreamlab,/blog,/blog,INTERNAL,200,
/post/fire-faster-promote-faster,Pricing,/packages,/packages,INTERNAL,200,
/post/fire-faster-promote-faster,Altify,/work/altify,/work/altify,INTERNAL,200,
/post/fire-faster-promote-faster,Circuit,/work/circuit,/work/circuit,INTERNAL,200,
/post/fire-faster-promote-faster,Oxipack,/work/oxipack,/work/oxipack,INTERNAL,200,
/post/fire-faster-promote-faster,,/post/metamorphosis,/post/metamorphosis,INTERNAL,200,
/post/fire-faster-promote-faster,Metamorphosis,/post/metamorphosis,/post/metamorphosis,INTERNAL,200,
/post/fire-faster-promote-faster,Read full article→,/post/metamorphosis,/post/metamorphosis,INTERNAL,200,
/post/fire-faster-promote-faster,,/post/beyond-the-eu30-000,/post/beyond-the-eu30-000,INTERNAL,200,
/post/fire-faster-promote-faster,Beyond the €30 000,/post/beyond-the-eu30-000,/post/beyond-the-eu30-000,INTERNAL,200,
/post/fire-faster-promote-faster,Read full article→,/post/beyond-the-eu30-000,/post/beyond-the-eu30-000,INTERNAL,200,
/post/fire-faster-promote-faster,,/post/the-cost-of-refusing-to-adapt,/post/the-cost-of-refusing-to-adapt,INTERNAL,200,
/post/fire-faster-promote-faster,The Cost of Refusing to Adapt,/post/the-cost-of-refusing-to-adapt,/post/the-cost-of-refusing-to-adapt,INTERNAL,200,
/post/fire-faster-promote-faster,Read full article→,/post/the-cost-of-refusing-to-adapt,/post/the-cost-of-refusing-to-adapt,INTERNAL,200,
/post/fire-faster-promote-faster,About,/about,/about,INTERNAL,200,
/post/fire-faster-promote-faster,What we do,/#what-we-do,/,INTERNAL,200,
/post/fire-faster-promote-faster,Work / Case studies,/work,/work,INTERNAL,200,
/post/fire-faster-promote-faster,Brand Credibility Scorecard,/scorecard,/scorecard,INTERNAL,200,
/post/fire-faster-promote-faster,Contact,/contact,/contact,INTERNAL,200,
/post/fire-faster-promote-faster,LinkedIn,https://www.linkedin.com/company/nexubis/,,EXTERNAL,,
/post/fire-faster-promote-faster,Instagram,https://www.instagram.com/nexubis.design/,,EXTERNAL,,
/post/for-professionals-by-professionals,,/,/,INTERNAL,200,
/post/for-professionals-by-professionals,Altify,/work/altify,/work/altify,INTERNAL,200,
/post/for-professionals-by-professionals,Circuit,/work/circuit,/work/circuit,INTERNAL,200,
/post/for-professionals-by-professionals,Oxipack,/work/oxipack,/work/oxipack,INTERNAL,200,
/post/for-professionals-by-professionals,Packages,/packages,/packages,INTERNAL,200,
/post/for-professionals-by-professionals,Dreamlab,/blog,/blog,INTERNAL,200,
/post/for-professionals-by-professionals,Book an application callBook a Call,/contact,/contact,INTERNAL,200,
/post/for-professionals-by-professionals,Home,/,/,INTERNAL,200,
/post/for-professionals-by-professionals,Dreamlab,/blog,/blog,INTERNAL,200,
/post/for-professionals-by-professionals,Pricing,/packages,/packages,INTERNAL,200,
/post/for-professionals-by-professionals,Altify,/work/altify,/work/altify,INTERNAL,200,
/post/for-professionals-by-professionals,Circuit,/work/circuit,/work/circuit,INTERNAL,200,
/post/for-professionals-by-professionals,Oxipack,/work/oxipack,/work/oxipack,INTERNAL,200,
/post/for-professionals-by-professionals,the myth of the perfect hire,/post/the-myth-of-the-perfect-hire,/post/the-myth-of-the-perfect-hire,INTERNAL,200,
/post/for-professionals-by-professionals,working hard,/post/straight-line-thinking,/post/straight-line-thinking,INTERNAL,200,
/post/for-professionals-by-professionals,,/post/how-to-not-suck-at-job-applications,/post/how-to-not-suck-at-job-applications,INTERNAL,200,
/post/for-professionals-by-professionals,How to not suck at job applications,/post/how-to-not-suck-at-job-applications,/post/how-to-not-suck-at-job-applications,INTERNAL,200,
/post/for-professionals-by-professionals,Read full article→,/post/how-to-not-suck-at-job-applications,/post/how-to-not-suck-at-job-applications,INTERNAL,200,
/post/for-professionals-by-professionals,,/post/skip-the-ladder-join-a-startup,/post/skip-the-ladder-join-a-startup,INTERNAL,200,
/post/for-professionals-by-professionals,Skip the Ladder. Join a Startup.,/post/skip-the-ladder-join-a-startup,/post/skip-the-ladder-join-a-startup,INTERNAL,200,
/post/for-professionals-by-professionals,Read full article→,/post/skip-the-ladder-join-a-startup,/post/skip-the-ladder-join-a-startup,INTERNAL,200,
/post/for-professionals-by-professionals,,/post/fresh-out-of-college-now-what,/post/fresh-out-of-college-now-what,INTERNAL,200,
/post/for-professionals-by-professionals,Fresh Out of College… Now What?,/post/fresh-out-of-college-now-what,/post/fresh-out-of-college-now-what,INTERNAL,200,
/post/for-professionals-by-professionals,Read full article→,/post/fresh-out-of-college-now-what,/post/fresh-out-of-college-now-what,INTERNAL,200,
/post/for-professionals-by-professionals,About,/about,/about,INTERNAL,200,
/post/for-professionals-by-professionals,What we do,/#what-we-do,/,INTERNAL,200,
/post/for-professionals-by-professionals,Work / Case studies,/work,/work,INTERNAL,200,
/post/for-professionals-by-professionals,Brand Credibility Scorecard,/scorecard,/scorecard,INTERNAL,200,
/post/for-professionals-by-professionals,Contact,/contact,/contact,INTERNAL,200,
/post/for-professionals-by-professionals,LinkedIn,https://www.linkedin.com/company/nexubis/,,EXTERNAL,,
/post/for-professionals-by-professionals,Instagram,https://www.instagram.com/nexubis.design/,,EXTERNAL,,
/post/fresh-out-of-college-now-what,,/,/,INTERNAL,200,
/post/fresh-out-of-college-now-what,Altify,/work/altify,/work/altify,INTERNAL,200,
/post/fresh-out-of-college-now-what,Circuit,/work/circuit,/work/circuit,INTERNAL,200,
/post/fresh-out-of-college-now-what,Oxipack,/work/oxipack,/work/oxipack,INTERNAL,200,
/post/fresh-out-of-college-now-what,Packages,/packages,/packages,INTERNAL,200,
/post/fresh-out-of-college-now-what,Dreamlab,/blog,/blog,INTERNAL,200,
/post/fresh-out-of-college-now-what,Book an application callBook a Call,/contact,/contact,INTERNAL,200,
/post/fresh-out-of-college-now-what,Home,/,/,INTERNAL,200,
/post/fresh-out-of-college-now-what,Dreamlab,/blog,/blog,INTERNAL,200,
/post/fresh-out-of-college-now-what,Pricing,/packages,/packages,INTERNAL,200,
/post/fresh-out-of-college-now-what,Altify,/work/altify,/work/altify,INTERNAL,200,
/post/fresh-out-of-college-now-what,Circuit,/work/circuit,/work/circuit,INTERNAL,200,
/post/fresh-out-of-college-now-what,Oxipack,/work/oxipack,/work/oxipack,INTERNAL,200,
/post/fresh-out-of-college-now-what,,/post/how-to-not-suck-at-job-applications,/post/how-to-not-suck-at-job-applications,INTERNAL,200,
/post/fresh-out-of-college-now-what,How to not suck at job applications,/post/how-to-not-suck-at-job-applications,/post/how-to-not-suck-at-job-applications,INTERNAL,200,
/post/fresh-out-of-college-now-what,Read full article→,/post/how-to-not-suck-at-job-applications,/post/how-to-not-suck-at-job-applications,INTERNAL,200,
/post/fresh-out-of-college-now-what,,/post/skip-the-ladder-join-a-startup,/post/skip-the-ladder-join-a-startup,INTERNAL,200,
/post/fresh-out-of-college-now-what,Skip the Ladder. Join a Startup.,/post/skip-the-ladder-join-a-startup,/post/skip-the-ladder-join-a-startup,INTERNAL,200,
/post/fresh-out-of-college-now-what,Read full article→,/post/skip-the-ladder-join-a-startup,/post/skip-the-ladder-join-a-startup,INTERNAL,200,
/post/fresh-out-of-college-now-what,,/post/for-professionals-by-professionals,/post/for-professionals-by-professionals,INTERNAL,200,
/post/fresh-out-of-college-now-what,"For Professionals, By Professionals",/post/for-professionals-by-professionals,/post/for-professionals-by-professionals,INTERNAL,200,
/post/fresh-out-of-college-now-what,Read full article→,/post/for-professionals-by-professionals,/post/for-professionals-by-professionals,INTERNAL,200,
/post/fresh-out-of-college-now-what,About,/about,/about,INTERNAL,200,
/post/fresh-out-of-college-now-what,What we do,/#what-we-do,/,INTERNAL,200,
/post/fresh-out-of-college-now-what,Work / Case studies,/work,/work,INTERNAL,200,
/post/fresh-out-of-college-now-what,Brand Credibility Scorecard,/scorecard,/scorecard,INTERNAL,200,
/post/fresh-out-of-college-now-what,Contact,/contact,/contact,INTERNAL,200,
/post/fresh-out-of-college-now-what,LinkedIn,https://www.linkedin.com/company/nexubis/,,EXTERNAL,,
/post/fresh-out-of-college-now-what,Instagram,https://www.instagram.com/nexubis.design/,,EXTERNAL,,
/post/goals-vs-movement,,/,/,INTERNAL,200,
/post/goals-vs-movement,Altify,/work/altify,/work/altify,INTERNAL,200,
/post/goals-vs-movement,Circuit,/work/circuit,/work/circuit,INTERNAL,200,
/post/goals-vs-movement,Oxipack,/work/oxipack,/work/oxipack,INTERNAL,200,
/post/goals-vs-movement,Packages,/packages,/packages,INTERNAL,200,
/post/goals-vs-movement,Dreamlab,/blog,/blog,INTERNAL,200,
/post/goals-vs-movement,Book an application callBook a Call,/contact,/contact,INTERNAL,200,
/post/goals-vs-movement,Home,/,/,INTERNAL,200,
/post/goals-vs-movement,Dreamlab,/blog,/blog,INTERNAL,200,
/post/goals-vs-movement,Pricing,/packages,/packages,INTERNAL,200,
/post/goals-vs-movement,Altify,/work/altify,/work/altify,INTERNAL,200,
/post/goals-vs-movement,Circuit,/work/circuit,/work/circuit,INTERNAL,200,
/post/goals-vs-movement,Oxipack,/work/oxipack,/work/oxipack,INTERNAL,200,
/post/goals-vs-movement,last week’s article,/post/2025-in-retrospect,/post/2025-in-retrospect,INTERNAL,200,
/post/goals-vs-movement,,/post/metamorphosis,/post/metamorphosis,INTERNAL,200,
/post/goals-vs-movement,Metamorphosis,/post/metamorphosis,/post/metamorphosis,INTERNAL,200,
/post/goals-vs-movement,Read full article→,/post/metamorphosis,/post/metamorphosis,INTERNAL,200,
/post/goals-vs-movement,,/post/beyond-the-eu30-000,/post/beyond-the-eu30-000,INTERNAL,200,
/post/goals-vs-movement,Beyond the €30 000,/post/beyond-the-eu30-000,/post/beyond-the-eu30-000,INTERNAL,200,
/post/goals-vs-movement,Read full article→,/post/beyond-the-eu30-000,/post/beyond-the-eu30-000,INTERNAL,200,
/post/goals-vs-movement,,/post/the-cost-of-refusing-to-adapt,/post/the-cost-of-refusing-to-adapt,INTERNAL,200,
/post/goals-vs-movement,The Cost of Refusing to Adapt,/post/the-cost-of-refusing-to-adapt,/post/the-cost-of-refusing-to-adapt,INTERNAL,200,
/post/goals-vs-movement,Read full article→,/post/the-cost-of-refusing-to-adapt,/post/the-cost-of-refusing-to-adapt,INTERNAL,200,
/post/goals-vs-movement,About,/about,/about,INTERNAL,200,
/post/goals-vs-movement,What we do,/#what-we-do,/,INTERNAL,200,
/post/goals-vs-movement,Work / Case studies,/work,/work,INTERNAL,200,
/post/goals-vs-movement,Brand Credibility Scorecard,/scorecard,/scorecard,INTERNAL,200,
/post/goals-vs-movement,Contact,/contact,/contact,INTERNAL,200,
/post/goals-vs-movement,LinkedIn,https://www.linkedin.com/company/nexubis/,,EXTERNAL,,
/post/goals-vs-movement,Instagram,https://www.instagram.com/nexubis.design/,,EXTERNAL,,
/post/how-it-all-started-and-almost-didnt,,/,/,INTERNAL,200,
/post/how-it-all-started-and-almost-didnt,Altify,/work/altify,/work/altify,INTERNAL,200,
/post/how-it-all-started-and-almost-didnt,Circuit,/work/circuit,/work/circuit,INTERNAL,200,
/post/how-it-all-started-and-almost-didnt,Oxipack,/work/oxipack,/work/oxipack,INTERNAL,200,
/post/how-it-all-started-and-almost-didnt,Packages,/packages,/packages,INTERNAL,200,
/post/how-it-all-started-and-almost-didnt,Dreamlab,/blog,/blog,INTERNAL,200,
/post/how-it-all-started-and-almost-didnt,Book an application callBook a Call,/contact,/contact,INTERNAL,200,
/post/how-it-all-started-and-almost-didnt,Home,/,/,INTERNAL,200,
/post/how-it-all-started-and-almost-didnt,Dreamlab,/blog,/blog,INTERNAL,200,
/post/how-it-all-started-and-almost-didnt,Pricing,/packages,/packages,INTERNAL,200,
/post/how-it-all-started-and-almost-didnt,Altify,/work/altify,/work/altify,INTERNAL,200,
/post/how-it-all-started-and-almost-didnt,Circuit,/work/circuit,/work/circuit,INTERNAL,200,
/post/how-it-all-started-and-almost-didnt,Oxipack,/work/oxipack,/work/oxipack,INTERNAL,200,
/post/how-it-all-started-and-almost-didnt,,/post/metamorphosis,/post/metamorphosis,INTERNAL,200,
/post/how-it-all-started-and-almost-didnt,Metamorphosis,/post/metamorphosis,/post/metamorphosis,INTERNAL,200,
/post/how-it-all-started-and-almost-didnt,Read full article→,/post/metamorphosis,/post/metamorphosis,INTERNAL,200,
/post/how-it-all-started-and-almost-didnt,,/post/beyond-the-eu30-000,/post/beyond-the-eu30-000,INTERNAL,200,
/post/how-it-all-started-and-almost-didnt,Beyond the €30 000,/post/beyond-the-eu30-000,/post/beyond-the-eu30-000,INTERNAL,200,
/post/how-it-all-started-and-almost-didnt,Read full article→,/post/beyond-the-eu30-000,/post/beyond-the-eu30-000,INTERNAL,200,
/post/how-it-all-started-and-almost-didnt,,/post/the-cost-of-refusing-to-adapt,/post/the-cost-of-refusing-to-adapt,INTERNAL,200,
/post/how-it-all-started-and-almost-didnt,The Cost of Refusing to Adapt,/post/the-cost-of-refusing-to-adapt,/post/the-cost-of-refusing-to-adapt,INTERNAL,200,
/post/how-it-all-started-and-almost-didnt,Read full article→,/post/the-cost-of-refusing-to-adapt,/post/the-cost-of-refusing-to-adapt,INTERNAL,200,
/post/how-it-all-started-and-almost-didnt,About,/about,/about,INTERNAL,200,
/post/how-it-all-started-and-almost-didnt,What we do,/#what-we-do,/,INTERNAL,200,
/post/how-it-all-started-and-almost-didnt,Work / Case studies,/work,/work,INTERNAL,200,
/post/how-it-all-started-and-almost-didnt,Brand Credibility Scorecard,/scorecard,/scorecard,INTERNAL,200,
/post/how-it-all-started-and-almost-didnt,Contact,/contact,/contact,INTERNAL,200,
/post/how-it-all-started-and-almost-didnt,LinkedIn,https://www.linkedin.com/company/nexubis/,,EXTERNAL,,
/post/how-it-all-started-and-almost-didnt,Instagram,https://www.instagram.com/nexubis.design/,,EXTERNAL,,
/post/how-to-not-suck-at-job-applications,,/,/,INTERNAL,200,
/post/how-to-not-suck-at-job-applications,Altify,/work/altify,/work/altify,INTERNAL,200,
/post/how-to-not-suck-at-job-applications,Circuit,/work/circuit,/work/circuit,INTERNAL,200,
/post/how-to-not-suck-at-job-applications,Oxipack,/work/oxipack,/work/oxipack,INTERNAL,200,
/post/how-to-not-suck-at-job-applications,Packages,/packages,/packages,INTERNAL,200,
/post/how-to-not-suck-at-job-applications,Dreamlab,/blog,/blog,INTERNAL,200,
/post/how-to-not-suck-at-job-applications,Book an application callBook a Call,/contact,/contact,INTERNAL,200,
/post/how-to-not-suck-at-job-applications,Home,/,/,INTERNAL,200,
/post/how-to-not-suck-at-job-applications,Dreamlab,/blog,/blog,INTERNAL,200,
/post/how-to-not-suck-at-job-applications,Pricing,/packages,/packages,INTERNAL,200,
/post/how-to-not-suck-at-job-applications,Altify,/work/altify,/work/altify,INTERNAL,200,
/post/how-to-not-suck-at-job-applications,Circuit,/work/circuit,/work/circuit,INTERNAL,200,
/post/how-to-not-suck-at-job-applications,Oxipack,/work/oxipack,/work/oxipack,INTERNAL,200,
/post/how-to-not-suck-at-job-applications,,/post/skip-the-ladder-join-a-startup,/post/skip-the-ladder-join-a-startup,INTERNAL,200,
/post/how-to-not-suck-at-job-applications,Skip the Ladder. Join a Startup.,/post/skip-the-ladder-join-a-startup,/post/skip-the-ladder-join-a-startup,INTERNAL,200,
/post/how-to-not-suck-at-job-applications,Read full article→,/post/skip-the-ladder-join-a-startup,/post/skip-the-ladder-join-a-startup,INTERNAL,200,
/post/how-to-not-suck-at-job-applications,,/post/fresh-out-of-college-now-what,/post/fresh-out-of-college-now-what,INTERNAL,200,
/post/how-to-not-suck-at-job-applications,Fresh Out of College… Now What?,/post/fresh-out-of-college-now-what,/post/fresh-out-of-college-now-what,INTERNAL,200,
/post/how-to-not-suck-at-job-applications,Read full article→,/post/fresh-out-of-college-now-what,/post/fresh-out-of-college-now-what,INTERNAL,200,
/post/how-to-not-suck-at-job-applications,,/post/for-professionals-by-professionals,/post/for-professionals-by-professionals,INTERNAL,200,
/post/how-to-not-suck-at-job-applications,"For Professionals, By Professionals",/post/for-professionals-by-professionals,/post/for-professionals-by-professionals,INTERNAL,200,
/post/how-to-not-suck-at-job-applications,Read full article→,/post/for-professionals-by-professionals,/post/for-professionals-by-professionals,INTERNAL,200,
/post/how-to-not-suck-at-job-applications,About,/about,/about,INTERNAL,200,
/post/how-to-not-suck-at-job-applications,What we do,/#what-we-do,/,INTERNAL,200,
/post/how-to-not-suck-at-job-applications,Work / Case studies,/work,/work,INTERNAL,200,
/post/how-to-not-suck-at-job-applications,Brand Credibility Scorecard,/scorecard,/scorecard,INTERNAL,200,
/post/how-to-not-suck-at-job-applications,Contact,/contact,/contact,INTERNAL,200,
/post/how-to-not-suck-at-job-applications,LinkedIn,https://www.linkedin.com/company/nexubis/,,EXTERNAL,,
/post/how-to-not-suck-at-job-applications,Instagram,https://www.instagram.com/nexubis.design/,,EXTERNAL,,
/post/how-we-landed-on-empowering-dreams,,/,/,INTERNAL,200,
/post/how-we-landed-on-empowering-dreams,Altify,/work/altify,/work/altify,INTERNAL,200,
/post/how-we-landed-on-empowering-dreams,Circuit,/work/circuit,/work/circuit,INTERNAL,200,
/post/how-we-landed-on-empowering-dreams,Oxipack,/work/oxipack,/work/oxipack,INTERNAL,200,
/post/how-we-landed-on-empowering-dreams,Packages,/packages,/packages,INTERNAL,200,
/post/how-we-landed-on-empowering-dreams,Dreamlab,/blog,/blog,INTERNAL,200,
/post/how-we-landed-on-empowering-dreams,Book an application callBook a Call,/contact,/contact,INTERNAL,200,
/post/how-we-landed-on-empowering-dreams,Home,/,/,INTERNAL,200,
/post/how-we-landed-on-empowering-dreams,Dreamlab,/blog,/blog,INTERNAL,200,
/post/how-we-landed-on-empowering-dreams,Pricing,/packages,/packages,INTERNAL,200,
/post/how-we-landed-on-empowering-dreams,Altify,/work/altify,/work/altify,INTERNAL,200,
/post/how-we-landed-on-empowering-dreams,Circuit,/work/circuit,/work/circuit,INTERNAL,200,
/post/how-we-landed-on-empowering-dreams,Oxipack,/work/oxipack,/work/oxipack,INTERNAL,200,
/post/how-we-landed-on-empowering-dreams,video below,https://www.instagram.com/reel/DDJvaunKvVL/?igsh=bWc2ZWM5aHNqcWJ5,,EXTERNAL,,
/post/how-we-landed-on-empowering-dreams,,/post/circuit-securing-nexubis,/post/circuit-securing-nexubis,INTERNAL,200,
/post/how-we-landed-on-empowering-dreams,Circuit: Securing Nexubis,/post/circuit-securing-nexubis,/post/circuit-securing-nexubis,INTERNAL,200,
/post/how-we-landed-on-empowering-dreams,Read full article→,/post/circuit-securing-nexubis,/post/circuit-securing-nexubis,INTERNAL,200,
/post/how-we-landed-on-empowering-dreams,,/post/oxipack-empowering-nexubis,/post/oxipack-empowering-nexubis,INTERNAL,200,
/post/how-we-landed-on-empowering-dreams,Oxipack: Funding Nexubis,/post/oxipack-empowering-nexubis,/post/oxipack-empowering-nexubis,INTERNAL,200,
/post/how-we-landed-on-empowering-dreams,Read full article→,/post/oxipack-empowering-nexubis,/post/oxipack-empowering-nexubis,INTERNAL,200,
/post/how-we-landed-on-empowering-dreams,,/post/altify-empowering-nexubis,/post/altify-empowering-nexubis,INTERNAL,200,
/post/how-we-landed-on-empowering-dreams,Altify: Empowering Nexubis,/post/altify-empowering-nexubis,/post/altify-empowering-nexubis,INTERNAL,200,
/post/how-we-landed-on-empowering-dreams,Read full article→,/post/altify-empowering-nexubis,/post/altify-empowering-nexubis,INTERNAL,200,
/post/how-we-landed-on-empowering-dreams,About,/about,/about,INTERNAL,200,
/post/how-we-landed-on-empowering-dreams,What we do,/#what-we-do,/,INTERNAL,200,
/post/how-we-landed-on-empowering-dreams,Work / Case studies,/work,/work,INTERNAL,200,
/post/how-we-landed-on-empowering-dreams,Brand Credibility Scorecard,/scorecard,/scorecard,INTERNAL,200,
/post/how-we-landed-on-empowering-dreams,Contact,/contact,/contact,INTERNAL,200,
/post/how-we-landed-on-empowering-dreams,LinkedIn,https://www.linkedin.com/company/nexubis/,,EXTERNAL,,
/post/how-we-landed-on-empowering-dreams,Instagram,https://www.instagram.com/nexubis.design/,,EXTERNAL,,
/post/how-we-work,,/,/,INTERNAL,200,
/post/how-we-work,Altify,/work/altify,/work/altify,INTERNAL,200,
/post/how-we-work,Circuit,/work/circuit,/work/circuit,INTERNAL,200,
/post/how-we-work,Oxipack,/work/oxipack,/work/oxipack,INTERNAL,200,
/post/how-we-work,Packages,/packages,/packages,INTERNAL,200,
/post/how-we-work,Dreamlab,/blog,/blog,INTERNAL,200,
/post/how-we-work,Book an application callBook a Call,/contact,/contact,INTERNAL,200,
/post/how-we-work,Home,/,/,INTERNAL,200,
/post/how-we-work,Dreamlab,/blog,/blog,INTERNAL,200,
/post/how-we-work,Pricing,/packages,/packages,INTERNAL,200,
/post/how-we-work,Altify,/work/altify,/work/altify,INTERNAL,200,
/post/how-we-work,Circuit,/work/circuit,/work/circuit,INTERNAL,200,
/post/how-we-work,Oxipack,/work/oxipack,/work/oxipack,INTERNAL,200,
/post/how-we-work,,/post/metamorphosis,/post/metamorphosis,INTERNAL,200,
/post/how-we-work,Metamorphosis,/post/metamorphosis,/post/metamorphosis,INTERNAL,200,
/post/how-we-work,Read full article→,/post/metamorphosis,/post/metamorphosis,INTERNAL,200,
/post/how-we-work,,/post/beyond-the-eu30-000,/post/beyond-the-eu30-000,INTERNAL,200,
/post/how-we-work,Beyond the €30 000,/post/beyond-the-eu30-000,/post/beyond-the-eu30-000,INTERNAL,200,
/post/how-we-work,Read full article→,/post/beyond-the-eu30-000,/post/beyond-the-eu30-000,INTERNAL,200,
/post/how-we-work,,/post/the-cost-of-refusing-to-adapt,/post/the-cost-of-refusing-to-adapt,INTERNAL,200,
/post/how-we-work,The Cost of Refusing to Adapt,/post/the-cost-of-refusing-to-adapt,/post/the-cost-of-refusing-to-adapt,INTERNAL,200,
/post/how-we-work,Read full article→,/post/the-cost-of-refusing-to-adapt,/post/the-cost-of-refusing-to-adapt,INTERNAL,200,
/post/how-we-work,About,/about,/about,INTERNAL,200,
/post/how-we-work,What we do,/#what-we-do,/,INTERNAL,200,
/post/how-we-work,Work / Case studies,/work,/work,INTERNAL,200,
/post/how-we-work,Brand Credibility Scorecard,/scorecard,/scorecard,INTERNAL,200,
/post/how-we-work,Contact,/contact,/contact,INTERNAL,200,
/post/how-we-work,LinkedIn,https://www.linkedin.com/company/nexubis/,,EXTERNAL,,
/post/how-we-work,Instagram,https://www.instagram.com/nexubis.design/,,EXTERNAL,,
/post/if-it-aint-broke-refine-it,,/,/,INTERNAL,200,
/post/if-it-aint-broke-refine-it,Altify,/work/altify,/work/altify,INTERNAL,200,
/post/if-it-aint-broke-refine-it,Circuit,/work/circuit,/work/circuit,INTERNAL,200,
/post/if-it-aint-broke-refine-it,Oxipack,/work/oxipack,/work/oxipack,INTERNAL,200,
/post/if-it-aint-broke-refine-it,Packages,/packages,/packages,INTERNAL,200,
/post/if-it-aint-broke-refine-it,Dreamlab,/blog,/blog,INTERNAL,200,
/post/if-it-aint-broke-refine-it,Book an application callBook a Call,/contact,/contact,INTERNAL,200,
/post/if-it-aint-broke-refine-it,Home,/,/,INTERNAL,200,
/post/if-it-aint-broke-refine-it,Dreamlab,/blog,/blog,INTERNAL,200,
/post/if-it-aint-broke-refine-it,Pricing,/packages,/packages,INTERNAL,200,
/post/if-it-aint-broke-refine-it,Altify,/work/altify,/work/altify,INTERNAL,200,
/post/if-it-aint-broke-refine-it,Circuit,/work/circuit,/work/circuit,INTERNAL,200,
/post/if-it-aint-broke-refine-it,Oxipack,/work/oxipack,/work/oxipack,INTERNAL,200,
/post/if-it-aint-broke-refine-it,,/post/metamorphosis,/post/metamorphosis,INTERNAL,200,
/post/if-it-aint-broke-refine-it,Metamorphosis,/post/metamorphosis,/post/metamorphosis,INTERNAL,200,
/post/if-it-aint-broke-refine-it,Read full article→,/post/metamorphosis,/post/metamorphosis,INTERNAL,200,
/post/if-it-aint-broke-refine-it,,/post/beyond-the-eu30-000,/post/beyond-the-eu30-000,INTERNAL,200,
/post/if-it-aint-broke-refine-it,Beyond the €30 000,/post/beyond-the-eu30-000,/post/beyond-the-eu30-000,INTERNAL,200,
/post/if-it-aint-broke-refine-it,Read full article→,/post/beyond-the-eu30-000,/post/beyond-the-eu30-000,INTERNAL,200,
/post/if-it-aint-broke-refine-it,,/post/the-cost-of-refusing-to-adapt,/post/the-cost-of-refusing-to-adapt,INTERNAL,200,
/post/if-it-aint-broke-refine-it,The Cost of Refusing to Adapt,/post/the-cost-of-refusing-to-adapt,/post/the-cost-of-refusing-to-adapt,INTERNAL,200,
/post/if-it-aint-broke-refine-it,Read full article→,/post/the-cost-of-refusing-to-adapt,/post/the-cost-of-refusing-to-adapt,INTERNAL,200,
/post/if-it-aint-broke-refine-it,About,/about,/about,INTERNAL,200,
/post/if-it-aint-broke-refine-it,What we do,/#what-we-do,/,INTERNAL,200,
/post/if-it-aint-broke-refine-it,Work / Case studies,/work,/work,INTERNAL,200,
/post/if-it-aint-broke-refine-it,Brand Credibility Scorecard,/scorecard,/scorecard,INTERNAL,200,
/post/if-it-aint-broke-refine-it,Contact,/contact,/contact,INTERNAL,200,
/post/if-it-aint-broke-refine-it,LinkedIn,https://www.linkedin.com/company/nexubis/,,EXTERNAL,,
/post/if-it-aint-broke-refine-it,Instagram,https://www.instagram.com/nexubis.design/,,EXTERNAL,,
/post/impact-builds-network,,/,/,INTERNAL,200,
/post/impact-builds-network,Altify,/work/altify,/work/altify,INTERNAL,200,
/post/impact-builds-network,Circuit,/work/circuit,/work/circuit,INTERNAL,200,
/post/impact-builds-network,Oxipack,/work/oxipack,/work/oxipack,INTERNAL,200,
/post/impact-builds-network,Packages,/packages,/packages,INTERNAL,200,
/post/impact-builds-network,Dreamlab,/blog,/blog,INTERNAL,200,
/post/impact-builds-network,Book an application callBook a Call,/contact,/contact,INTERNAL,200,
/post/impact-builds-network,Home,/,/,INTERNAL,200,
/post/impact-builds-network,Dreamlab,/blog,/blog,INTERNAL,200,
/post/impact-builds-network,Pricing,/packages,/packages,INTERNAL,200,
/post/impact-builds-network,Altify,/work/altify,/work/altify,INTERNAL,200,
/post/impact-builds-network,Circuit,/work/circuit,/work/circuit,INTERNAL,200,
/post/impact-builds-network,Oxipack,/work/oxipack,/work/oxipack,INTERNAL,200,
/post/impact-builds-network,,/post/metamorphosis,/post/metamorphosis,INTERNAL,200,
/post/impact-builds-network,Metamorphosis,/post/metamorphosis,/post/metamorphosis,INTERNAL,200,
/post/impact-builds-network,Read full article→,/post/metamorphosis,/post/metamorphosis,INTERNAL,200,
/post/impact-builds-network,,/post/beyond-the-eu30-000,/post/beyond-the-eu30-000,INTERNAL,200,
/post/impact-builds-network,Beyond the €30 000,/post/beyond-the-eu30-000,/post/beyond-the-eu30-000,INTERNAL,200,
/post/impact-builds-network,Read full article→,/post/beyond-the-eu30-000,/post/beyond-the-eu30-000,INTERNAL,200,
/post/impact-builds-network,,/post/the-cost-of-refusing-to-adapt,/post/the-cost-of-refusing-to-adapt,INTERNAL,200,
/post/impact-builds-network,The Cost of Refusing to Adapt,/post/the-cost-of-refusing-to-adapt,/post/the-cost-of-refusing-to-adapt,INTERNAL,200,
/post/impact-builds-network,Read full article→,/post/the-cost-of-refusing-to-adapt,/post/the-cost-of-refusing-to-adapt,INTERNAL,200,
/post/impact-builds-network,About,/about,/about,INTERNAL,200,
/post/impact-builds-network,What we do,/#what-we-do,/,INTERNAL,200,
/post/impact-builds-network,Work / Case studies,/work,/work,INTERNAL,200,
/post/impact-builds-network,Brand Credibility Scorecard,/scorecard,/scorecard,INTERNAL,200,
/post/impact-builds-network,Contact,/contact,/contact,INTERNAL,200,
/post/impact-builds-network,LinkedIn,https://www.linkedin.com/company/nexubis/,,EXTERNAL,,
/post/impact-builds-network,Instagram,https://www.instagram.com/nexubis.design/,,EXTERNAL,,
/post/just-do-it,,/,/,INTERNAL,200,
/post/just-do-it,Altify,/work/altify,/work/altify,INTERNAL,200,
/post/just-do-it,Circuit,/work/circuit,/work/circuit,INTERNAL,200,
/post/just-do-it,Oxipack,/work/oxipack,/work/oxipack,INTERNAL,200,
/post/just-do-it,Packages,/packages,/packages,INTERNAL,200,
/post/just-do-it,Dreamlab,/blog,/blog,INTERNAL,200,
/post/just-do-it,Book an application callBook a Call,/contact,/contact,INTERNAL,200,
/post/just-do-it,Home,/,/,INTERNAL,200,
/post/just-do-it,Dreamlab,/blog,/blog,INTERNAL,200,
/post/just-do-it,Pricing,/packages,/packages,INTERNAL,200,
/post/just-do-it,Altify,/work/altify,/work/altify,INTERNAL,200,
/post/just-do-it,Circuit,/work/circuit,/work/circuit,INTERNAL,200,
/post/just-do-it,Oxipack,/work/oxipack,/work/oxipack,INTERNAL,200,
/post/just-do-it,,/post/metamorphosis,/post/metamorphosis,INTERNAL,200,
/post/just-do-it,Metamorphosis,/post/metamorphosis,/post/metamorphosis,INTERNAL,200,
/post/just-do-it,Read full article→,/post/metamorphosis,/post/metamorphosis,INTERNAL,200,
/post/just-do-it,,/post/beyond-the-eu30-000,/post/beyond-the-eu30-000,INTERNAL,200,
/post/just-do-it,Beyond the €30 000,/post/beyond-the-eu30-000,/post/beyond-the-eu30-000,INTERNAL,200,
/post/just-do-it,Read full article→,/post/beyond-the-eu30-000,/post/beyond-the-eu30-000,INTERNAL,200,
/post/just-do-it,,/post/the-cost-of-refusing-to-adapt,/post/the-cost-of-refusing-to-adapt,INTERNAL,200,
/post/just-do-it,The Cost of Refusing to Adapt,/post/the-cost-of-refusing-to-adapt,/post/the-cost-of-refusing-to-adapt,INTERNAL,200,
/post/just-do-it,Read full article→,/post/the-cost-of-refusing-to-adapt,/post/the-cost-of-refusing-to-adapt,INTERNAL,200,
/post/just-do-it,About,/about,/about,INTERNAL,200,
/post/just-do-it,What we do,/#what-we-do,/,INTERNAL,200,
/post/just-do-it,Work / Case studies,/work,/work,INTERNAL,200,
/post/just-do-it,Brand Credibility Scorecard,/scorecard,/scorecard,INTERNAL,200,
/post/just-do-it,Contact,/contact,/contact,INTERNAL,200,
/post/just-do-it,LinkedIn,https://www.linkedin.com/company/nexubis/,,EXTERNAL,,
/post/just-do-it,Instagram,https://www.instagram.com/nexubis.design/,,EXTERNAL,,
/post/just-start-the-damn-thing,,/,/,INTERNAL,200,
/post/just-start-the-damn-thing,Altify,/work/altify,/work/altify,INTERNAL,200,
/post/just-start-the-damn-thing,Circuit,/work/circuit,/work/circuit,INTERNAL,200,
/post/just-start-the-damn-thing,Oxipack,/work/oxipack,/work/oxipack,INTERNAL,200,
/post/just-start-the-damn-thing,Packages,/packages,/packages,INTERNAL,200,
/post/just-start-the-damn-thing,Dreamlab,/blog,/blog,INTERNAL,200,
/post/just-start-the-damn-thing,Book an application callBook a Call,/contact,/contact,INTERNAL,200,
/post/just-start-the-damn-thing,Home,/,/,INTERNAL,200,
/post/just-start-the-damn-thing,Dreamlab,/blog,/blog,INTERNAL,200,
/post/just-start-the-damn-thing,Pricing,/packages,/packages,INTERNAL,200,
/post/just-start-the-damn-thing,Altify,/work/altify,/work/altify,INTERNAL,200,
/post/just-start-the-damn-thing,Circuit,/work/circuit,/work/circuit,INTERNAL,200,
/post/just-start-the-damn-thing,Oxipack,/work/oxipack,/work/oxipack,INTERNAL,200,
/post/just-start-the-damn-thing,,/post/metamorphosis,/post/metamorphosis,INTERNAL,200,
/post/just-start-the-damn-thing,Metamorphosis,/post/metamorphosis,/post/metamorphosis,INTERNAL,200,
/post/just-start-the-damn-thing,Read full article→,/post/metamorphosis,/post/metamorphosis,INTERNAL,200,
/post/just-start-the-damn-thing,,/post/beyond-the-eu30-000,/post/beyond-the-eu30-000,INTERNAL,200,
/post/just-start-the-damn-thing,Beyond the €30 000,/post/beyond-the-eu30-000,/post/beyond-the-eu30-000,INTERNAL,200,
/post/just-start-the-damn-thing,Read full article→,/post/beyond-the-eu30-000,/post/beyond-the-eu30-000,INTERNAL,200,
/post/just-start-the-damn-thing,,/post/the-cost-of-refusing-to-adapt,/post/the-cost-of-refusing-to-adapt,INTERNAL,200,
/post/just-start-the-damn-thing,The Cost of Refusing to Adapt,/post/the-cost-of-refusing-to-adapt,/post/the-cost-of-refusing-to-adapt,INTERNAL,200,
/post/just-start-the-damn-thing,Read full article→,/post/the-cost-of-refusing-to-adapt,/post/the-cost-of-refusing-to-adapt,INTERNAL,200,
/post/just-start-the-damn-thing,About,/about,/about,INTERNAL,200,
/post/just-start-the-damn-thing,What we do,/#what-we-do,/,INTERNAL,200,
/post/just-start-the-damn-thing,Work / Case studies,/work,/work,INTERNAL,200,
/post/just-start-the-damn-thing,Brand Credibility Scorecard,/scorecard,/scorecard,INTERNAL,200,
/post/just-start-the-damn-thing,Contact,/contact,/contact,INTERNAL,200,
/post/just-start-the-damn-thing,LinkedIn,https://www.linkedin.com/company/nexubis/,,EXTERNAL,,
/post/just-start-the-damn-thing,Instagram,https://www.instagram.com/nexubis.design/,,EXTERNAL,,
/post/keep-firing-yourself,,/,/,INTERNAL,200,
/post/keep-firing-yourself,Altify,/work/altify,/work/altify,INTERNAL,200,
/post/keep-firing-yourself,Circuit,/work/circuit,/work/circuit,INTERNAL,200,
/post/keep-firing-yourself,Oxipack,/work/oxipack,/work/oxipack,INTERNAL,200,
/post/keep-firing-yourself,Packages,/packages,/packages,INTERNAL,200,
/post/keep-firing-yourself,Dreamlab,/blog,/blog,INTERNAL,200,
/post/keep-firing-yourself,Book an application callBook a Call,/contact,/contact,INTERNAL,200,
/post/keep-firing-yourself,Home,/,/,INTERNAL,200,
/post/keep-firing-yourself,Dreamlab,/blog,/blog,INTERNAL,200,
/post/keep-firing-yourself,Pricing,/packages,/packages,INTERNAL,200,
/post/keep-firing-yourself,Altify,/work/altify,/work/altify,INTERNAL,200,
/post/keep-firing-yourself,Circuit,/work/circuit,/work/circuit,INTERNAL,200,
/post/keep-firing-yourself,Oxipack,/work/oxipack,/work/oxipack,INTERNAL,200,
/post/keep-firing-yourself,,/post/metamorphosis,/post/metamorphosis,INTERNAL,200,
/post/keep-firing-yourself,Metamorphosis,/post/metamorphosis,/post/metamorphosis,INTERNAL,200,
/post/keep-firing-yourself,Read full article→,/post/metamorphosis,/post/metamorphosis,INTERNAL,200,
/post/keep-firing-yourself,,/post/beyond-the-eu30-000,/post/beyond-the-eu30-000,INTERNAL,200,
/post/keep-firing-yourself,Beyond the €30 000,/post/beyond-the-eu30-000,/post/beyond-the-eu30-000,INTERNAL,200,
/post/keep-firing-yourself,Read full article→,/post/beyond-the-eu30-000,/post/beyond-the-eu30-000,INTERNAL,200,
/post/keep-firing-yourself,,/post/the-cost-of-refusing-to-adapt,/post/the-cost-of-refusing-to-adapt,INTERNAL,200,
/post/keep-firing-yourself,The Cost of Refusing to Adapt,/post/the-cost-of-refusing-to-adapt,/post/the-cost-of-refusing-to-adapt,INTERNAL,200,
/post/keep-firing-yourself,Read full article→,/post/the-cost-of-refusing-to-adapt,/post/the-cost-of-refusing-to-adapt,INTERNAL,200,
/post/keep-firing-yourself,About,/about,/about,INTERNAL,200,
/post/keep-firing-yourself,What we do,/#what-we-do,/,INTERNAL,200,
/post/keep-firing-yourself,Work / Case studies,/work,/work,INTERNAL,200,
/post/keep-firing-yourself,Brand Credibility Scorecard,/scorecard,/scorecard,INTERNAL,200,
/post/keep-firing-yourself,Contact,/contact,/contact,INTERNAL,200,
/post/keep-firing-yourself,LinkedIn,https://www.linkedin.com/company/nexubis/,,EXTERNAL,,
/post/keep-firing-yourself,Instagram,https://www.instagram.com/nexubis.design/,,EXTERNAL,,
/post/keep-firing-yourself-part-2,,/,/,INTERNAL,200,
/post/keep-firing-yourself-part-2,Altify,/work/altify,/work/altify,INTERNAL,200,
/post/keep-firing-yourself-part-2,Circuit,/work/circuit,/work/circuit,INTERNAL,200,
/post/keep-firing-yourself-part-2,Oxipack,/work/oxipack,/work/oxipack,INTERNAL,200,
/post/keep-firing-yourself-part-2,Packages,/packages,/packages,INTERNAL,200,
/post/keep-firing-yourself-part-2,Dreamlab,/blog,/blog,INTERNAL,200,
/post/keep-firing-yourself-part-2,Book an application callBook a Call,/contact,/contact,INTERNAL,200,
/post/keep-firing-yourself-part-2,Home,/,/,INTERNAL,200,
/post/keep-firing-yourself-part-2,Dreamlab,/blog,/blog,INTERNAL,200,
/post/keep-firing-yourself-part-2,Pricing,/packages,/packages,INTERNAL,200,
/post/keep-firing-yourself-part-2,Altify,/work/altify,/work/altify,INTERNAL,200,
/post/keep-firing-yourself-part-2,Circuit,/work/circuit,/work/circuit,INTERNAL,200,
/post/keep-firing-yourself-part-2,Oxipack,/work/oxipack,/work/oxipack,INTERNAL,200,
/post/keep-firing-yourself-part-2,,/post/metamorphosis,/post/metamorphosis,INTERNAL,200,
/post/keep-firing-yourself-part-2,Metamorphosis,/post/metamorphosis,/post/metamorphosis,INTERNAL,200,
/post/keep-firing-yourself-part-2,Read full article→,/post/metamorphosis,/post/metamorphosis,INTERNAL,200,
/post/keep-firing-yourself-part-2,,/post/beyond-the-eu30-000,/post/beyond-the-eu30-000,INTERNAL,200,
/post/keep-firing-yourself-part-2,Beyond the €30 000,/post/beyond-the-eu30-000,/post/beyond-the-eu30-000,INTERNAL,200,
/post/keep-firing-yourself-part-2,Read full article→,/post/beyond-the-eu30-000,/post/beyond-the-eu30-000,INTERNAL,200,
/post/keep-firing-yourself-part-2,,/post/the-cost-of-refusing-to-adapt,/post/the-cost-of-refusing-to-adapt,INTERNAL,200,
/post/keep-firing-yourself-part-2,The Cost of Refusing to Adapt,/post/the-cost-of-refusing-to-adapt,/post/the-cost-of-refusing-to-adapt,INTERNAL,200,
/post/keep-firing-yourself-part-2,Read full article→,/post/the-cost-of-refusing-to-adapt,/post/the-cost-of-refusing-to-adapt,INTERNAL,200,
/post/keep-firing-yourself-part-2,About,/about,/about,INTERNAL,200,
/post/keep-firing-yourself-part-2,What we do,/#what-we-do,/,INTERNAL,200,
/post/keep-firing-yourself-part-2,Work / Case studies,/work,/work,INTERNAL,200,
/post/keep-firing-yourself-part-2,Brand Credibility Scorecard,/scorecard,/scorecard,INTERNAL,200,
/post/keep-firing-yourself-part-2,Contact,/contact,/contact,INTERNAL,200,
/post/keep-firing-yourself-part-2,LinkedIn,https://www.linkedin.com/company/nexubis/,,EXTERNAL,,
/post/keep-firing-yourself-part-2,Instagram,https://www.instagram.com/nexubis.design/,,EXTERNAL,,
/post/keep-positioning-yourself,,/,/,INTERNAL,200,
/post/keep-positioning-yourself,Altify,/work/altify,/work/altify,INTERNAL,200,
/post/keep-positioning-yourself,Circuit,/work/circuit,/work/circuit,INTERNAL,200,
/post/keep-positioning-yourself,Oxipack,/work/oxipack,/work/oxipack,INTERNAL,200,
/post/keep-positioning-yourself,Packages,/packages,/packages,INTERNAL,200,
/post/keep-positioning-yourself,Dreamlab,/blog,/blog,INTERNAL,200,
/post/keep-positioning-yourself,Book an application callBook a Call,/contact,/contact,INTERNAL,200,
/post/keep-positioning-yourself,Home,/,/,INTERNAL,200,
/post/keep-positioning-yourself,Dreamlab,/blog,/blog,INTERNAL,200,
/post/keep-positioning-yourself,Pricing,/packages,/packages,INTERNAL,200,
/post/keep-positioning-yourself,Altify,/work/altify,/work/altify,INTERNAL,200,
/post/keep-positioning-yourself,Circuit,/work/circuit,/work/circuit,INTERNAL,200,
/post/keep-positioning-yourself,Oxipack,/work/oxipack,/work/oxipack,INTERNAL,200,
/post/keep-positioning-yourself,,/post/metamorphosis,/post/metamorphosis,INTERNAL,200,
/post/keep-positioning-yourself,Metamorphosis,/post/metamorphosis,/post/metamorphosis,INTERNAL,200,
/post/keep-positioning-yourself,Read full article→,/post/metamorphosis,/post/metamorphosis,INTERNAL,200,
/post/keep-positioning-yourself,,/post/beyond-the-eu30-000,/post/beyond-the-eu30-000,INTERNAL,200,
/post/keep-positioning-yourself,Beyond the €30 000,/post/beyond-the-eu30-000,/post/beyond-the-eu30-000,INTERNAL,200,
/post/keep-positioning-yourself,Read full article→,/post/beyond-the-eu30-000,/post/beyond-the-eu30-000,INTERNAL,200,
/post/keep-positioning-yourself,,/post/the-cost-of-refusing-to-adapt,/post/the-cost-of-refusing-to-adapt,INTERNAL,200,
/post/keep-positioning-yourself,The Cost of Refusing to Adapt,/post/the-cost-of-refusing-to-adapt,/post/the-cost-of-refusing-to-adapt,INTERNAL,200,
/post/keep-positioning-yourself,Read full article→,/post/the-cost-of-refusing-to-adapt,/post/the-cost-of-refusing-to-adapt,INTERNAL,200,
/post/keep-positioning-yourself,About,/about,/about,INTERNAL,200,
/post/keep-positioning-yourself,What we do,/#what-we-do,/,INTERNAL,200,
/post/keep-positioning-yourself,Work / Case studies,/work,/work,INTERNAL,200,
/post/keep-positioning-yourself,Brand Credibility Scorecard,/scorecard,/scorecard,INTERNAL,200,
/post/keep-positioning-yourself,Contact,/contact,/contact,INTERNAL,200,
/post/keep-positioning-yourself,LinkedIn,https://www.linkedin.com/company/nexubis/,,EXTERNAL,,
/post/keep-positioning-yourself,Instagram,https://www.instagram.com/nexubis.design/,,EXTERNAL,,
/post/long-term-greed,,/,/,INTERNAL,200,
/post/long-term-greed,Altify,/work/altify,/work/altify,INTERNAL,200,
/post/long-term-greed,Circuit,/work/circuit,/work/circuit,INTERNAL,200,
/post/long-term-greed,Oxipack,/work/oxipack,/work/oxipack,INTERNAL,200,
/post/long-term-greed,Packages,/packages,/packages,INTERNAL,200,
/post/long-term-greed,Dreamlab,/blog,/blog,INTERNAL,200,
/post/long-term-greed,Book an application callBook a Call,/contact,/contact,INTERNAL,200,
/post/long-term-greed,Home,/,/,INTERNAL,200,
/post/long-term-greed,Dreamlab,/blog,/blog,INTERNAL,200,
/post/long-term-greed,Pricing,/packages,/packages,INTERNAL,200,
/post/long-term-greed,Altify,/work/altify,/work/altify,INTERNAL,200,
/post/long-term-greed,Circuit,/work/circuit,/work/circuit,INTERNAL,200,
/post/long-term-greed,Oxipack,/work/oxipack,/work/oxipack,INTERNAL,200,
/post/long-term-greed,previous article,/post/dick-proves-the-agency-stereotype,/post/dick-proves-the-agency-stereotype,INTERNAL,200,
/post/long-term-greed,,/post/metamorphosis,/post/metamorphosis,INTERNAL,200,
/post/long-term-greed,Metamorphosis,/post/metamorphosis,/post/metamorphosis,INTERNAL,200,
/post/long-term-greed,Read full article→,/post/metamorphosis,/post/metamorphosis,INTERNAL,200,
/post/long-term-greed,,/post/beyond-the-eu30-000,/post/beyond-the-eu30-000,INTERNAL,200,
/post/long-term-greed,Beyond the €30 000,/post/beyond-the-eu30-000,/post/beyond-the-eu30-000,INTERNAL,200,
/post/long-term-greed,Read full article→,/post/beyond-the-eu30-000,/post/beyond-the-eu30-000,INTERNAL,200,
/post/long-term-greed,,/post/the-cost-of-refusing-to-adapt,/post/the-cost-of-refusing-to-adapt,INTERNAL,200,
/post/long-term-greed,The Cost of Refusing to Adapt,/post/the-cost-of-refusing-to-adapt,/post/the-cost-of-refusing-to-adapt,INTERNAL,200,
/post/long-term-greed,Read full article→,/post/the-cost-of-refusing-to-adapt,/post/the-cost-of-refusing-to-adapt,INTERNAL,200,
/post/long-term-greed,About,/about,/about,INTERNAL,200,
/post/long-term-greed,What we do,/#what-we-do,/,INTERNAL,200,
/post/long-term-greed,Work / Case studies,/work,/work,INTERNAL,200,
/post/long-term-greed,Brand Credibility Scorecard,/scorecard,/scorecard,INTERNAL,200,
/post/long-term-greed,Contact,/contact,/contact,INTERNAL,200,
/post/long-term-greed,LinkedIn,https://www.linkedin.com/company/nexubis/,,EXTERNAL,,
/post/long-term-greed,Instagram,https://www.instagram.com/nexubis.design/,,EXTERNAL,,
/post/make-complex-simple,,/,/,INTERNAL,200,
/post/make-complex-simple,Altify,/work/altify,/work/altify,INTERNAL,200,
/post/make-complex-simple,Circuit,/work/circuit,/work/circuit,INTERNAL,200,
/post/make-complex-simple,Oxipack,/work/oxipack,/work/oxipack,INTERNAL,200,
/post/make-complex-simple,Packages,/packages,/packages,INTERNAL,200,
/post/make-complex-simple,Dreamlab,/blog,/blog,INTERNAL,200,
/post/make-complex-simple,Book an application callBook a Call,/contact,/contact,INTERNAL,200,
/post/make-complex-simple,Home,/,/,INTERNAL,200,
/post/make-complex-simple,Dreamlab,/blog,/blog,INTERNAL,200,
/post/make-complex-simple,Pricing,/packages,/packages,INTERNAL,200,
/post/make-complex-simple,Altify,/work/altify,/work/altify,INTERNAL,200,
/post/make-complex-simple,Circuit,/work/circuit,/work/circuit,INTERNAL,200,
/post/make-complex-simple,Oxipack,/work/oxipack,/work/oxipack,INTERNAL,200,
/post/make-complex-simple,,/post/metamorphosis,/post/metamorphosis,INTERNAL,200,
/post/make-complex-simple,Metamorphosis,/post/metamorphosis,/post/metamorphosis,INTERNAL,200,
/post/make-complex-simple,Read full article→,/post/metamorphosis,/post/metamorphosis,INTERNAL,200,
/post/make-complex-simple,,/post/beyond-the-eu30-000,/post/beyond-the-eu30-000,INTERNAL,200,
/post/make-complex-simple,Beyond the €30 000,/post/beyond-the-eu30-000,/post/beyond-the-eu30-000,INTERNAL,200,
/post/make-complex-simple,Read full article→,/post/beyond-the-eu30-000,/post/beyond-the-eu30-000,INTERNAL,200,
/post/make-complex-simple,,/post/the-cost-of-refusing-to-adapt,/post/the-cost-of-refusing-to-adapt,INTERNAL,200,
/post/make-complex-simple,The Cost of Refusing to Adapt,/post/the-cost-of-refusing-to-adapt,/post/the-cost-of-refusing-to-adapt,INTERNAL,200,
/post/make-complex-simple,Read full article→,/post/the-cost-of-refusing-to-adapt,/post/the-cost-of-refusing-to-adapt,INTERNAL,200,
/post/make-complex-simple,About,/about,/about,INTERNAL,200,
/post/make-complex-simple,What we do,/#what-we-do,/,INTERNAL,200,
/post/make-complex-simple,Work / Case studies,/work,/work,INTERNAL,200,
/post/make-complex-simple,Brand Credibility Scorecard,/scorecard,/scorecard,INTERNAL,200,
/post/make-complex-simple,Contact,/contact,/contact,INTERNAL,200,
/post/make-complex-simple,LinkedIn,https://www.linkedin.com/company/nexubis/,,EXTERNAL,,
/post/make-complex-simple,Instagram,https://www.instagram.com/nexubis.design/,,EXTERNAL,,
/post/make-it-memorable,,/,/,INTERNAL,200,
/post/make-it-memorable,Altify,/work/altify,/work/altify,INTERNAL,200,
/post/make-it-memorable,Circuit,/work/circuit,/work/circuit,INTERNAL,200,
/post/make-it-memorable,Oxipack,/work/oxipack,/work/oxipack,INTERNAL,200,
/post/make-it-memorable,Packages,/packages,/packages,INTERNAL,200,
/post/make-it-memorable,Dreamlab,/blog,/blog,INTERNAL,200,
/post/make-it-memorable,Book an application callBook a Call,/contact,/contact,INTERNAL,200,
/post/make-it-memorable,Home,/,/,INTERNAL,200,
/post/make-it-memorable,Dreamlab,/blog,/blog,INTERNAL,200,
/post/make-it-memorable,Pricing,/packages,/packages,INTERNAL,200,
/post/make-it-memorable,Altify,/work/altify,/work/altify,INTERNAL,200,
/post/make-it-memorable,Circuit,/work/circuit,/work/circuit,INTERNAL,200,
/post/make-it-memorable,Oxipack,/work/oxipack,/work/oxipack,INTERNAL,200,
/post/make-it-memorable,,/post/metamorphosis,/post/metamorphosis,INTERNAL,200,
/post/make-it-memorable,Metamorphosis,/post/metamorphosis,/post/metamorphosis,INTERNAL,200,
/post/make-it-memorable,Read full article→,/post/metamorphosis,/post/metamorphosis,INTERNAL,200,
/post/make-it-memorable,,/post/beyond-the-eu30-000,/post/beyond-the-eu30-000,INTERNAL,200,
/post/make-it-memorable,Beyond the €30 000,/post/beyond-the-eu30-000,/post/beyond-the-eu30-000,INTERNAL,200,
/post/make-it-memorable,Read full article→,/post/beyond-the-eu30-000,/post/beyond-the-eu30-000,INTERNAL,200,
/post/make-it-memorable,,/post/the-cost-of-refusing-to-adapt,/post/the-cost-of-refusing-to-adapt,INTERNAL,200,
/post/make-it-memorable,The Cost of Refusing to Adapt,/post/the-cost-of-refusing-to-adapt,/post/the-cost-of-refusing-to-adapt,INTERNAL,200,
/post/make-it-memorable,Read full article→,/post/the-cost-of-refusing-to-adapt,/post/the-cost-of-refusing-to-adapt,INTERNAL,200,
/post/make-it-memorable,About,/about,/about,INTERNAL,200,
/post/make-it-memorable,What we do,/#what-we-do,/,INTERNAL,200,
/post/make-it-memorable,Work / Case studies,/work,/work,INTERNAL,200,
/post/make-it-memorable,Brand Credibility Scorecard,/scorecard,/scorecard,INTERNAL,200,
/post/make-it-memorable,Contact,/contact,/contact,INTERNAL,200,
/post/make-it-memorable,LinkedIn,https://www.linkedin.com/company/nexubis/,,EXTERNAL,,
/post/make-it-memorable,Instagram,https://www.instagram.com/nexubis.design/,,EXTERNAL,,
/post/manifestation-from-impossible-to-probable,,/,/,INTERNAL,200,
/post/manifestation-from-impossible-to-probable,Altify,/work/altify,/work/altify,INTERNAL,200,
/post/manifestation-from-impossible-to-probable,Circuit,/work/circuit,/work/circuit,INTERNAL,200,
/post/manifestation-from-impossible-to-probable,Oxipack,/work/oxipack,/work/oxipack,INTERNAL,200,
/post/manifestation-from-impossible-to-probable,Packages,/packages,/packages,INTERNAL,200,
/post/manifestation-from-impossible-to-probable,Dreamlab,/blog,/blog,INTERNAL,200,
/post/manifestation-from-impossible-to-probable,Book an application callBook a Call,/contact,/contact,INTERNAL,200,
/post/manifestation-from-impossible-to-probable,Home,/,/,INTERNAL,200,
/post/manifestation-from-impossible-to-probable,Dreamlab,/blog,/blog,INTERNAL,200,
/post/manifestation-from-impossible-to-probable,Pricing,/packages,/packages,INTERNAL,200,
/post/manifestation-from-impossible-to-probable,Altify,/work/altify,/work/altify,INTERNAL,200,
/post/manifestation-from-impossible-to-probable,Circuit,/work/circuit,/work/circuit,INTERNAL,200,
/post/manifestation-from-impossible-to-probable,Oxipack,/work/oxipack,/work/oxipack,INTERNAL,200,
/post/manifestation-from-impossible-to-probable,,/post/metamorphosis,/post/metamorphosis,INTERNAL,200,
/post/manifestation-from-impossible-to-probable,Metamorphosis,/post/metamorphosis,/post/metamorphosis,INTERNAL,200,
/post/manifestation-from-impossible-to-probable,Read full article→,/post/metamorphosis,/post/metamorphosis,INTERNAL,200,
/post/manifestation-from-impossible-to-probable,,/post/beyond-the-eu30-000,/post/beyond-the-eu30-000,INTERNAL,200,
/post/manifestation-from-impossible-to-probable,Beyond the €30 000,/post/beyond-the-eu30-000,/post/beyond-the-eu30-000,INTERNAL,200,
/post/manifestation-from-impossible-to-probable,Read full article→,/post/beyond-the-eu30-000,/post/beyond-the-eu30-000,INTERNAL,200,
/post/manifestation-from-impossible-to-probable,,/post/the-cost-of-refusing-to-adapt,/post/the-cost-of-refusing-to-adapt,INTERNAL,200,
/post/manifestation-from-impossible-to-probable,The Cost of Refusing to Adapt,/post/the-cost-of-refusing-to-adapt,/post/the-cost-of-refusing-to-adapt,INTERNAL,200,
/post/manifestation-from-impossible-to-probable,Read full article→,/post/the-cost-of-refusing-to-adapt,/post/the-cost-of-refusing-to-adapt,INTERNAL,200,
/post/manifestation-from-impossible-to-probable,About,/about,/about,INTERNAL,200,
/post/manifestation-from-impossible-to-probable,What we do,/#what-we-do,/,INTERNAL,200,
/post/manifestation-from-impossible-to-probable,Work / Case studies,/work,/work,INTERNAL,200,
/post/manifestation-from-impossible-to-probable,Brand Credibility Scorecard,/scorecard,/scorecard,INTERNAL,200,
/post/manifestation-from-impossible-to-probable,Contact,/contact,/contact,INTERNAL,200,
/post/manifestation-from-impossible-to-probable,LinkedIn,https://www.linkedin.com/company/nexubis/,,EXTERNAL,,
/post/manifestation-from-impossible-to-probable,Instagram,https://www.instagram.com/nexubis.design/,,EXTERNAL,,
/post/metamorphosis,,/,/,INTERNAL,200,
/post/metamorphosis,Altify,/work/altify,/work/altify,INTERNAL,200,
/post/metamorphosis,Circuit,/work/circuit,/work/circuit,INTERNAL,200,
/post/metamorphosis,Oxipack,/work/oxipack,/work/oxipack,INTERNAL,200,
/post/metamorphosis,Packages,/packages,/packages,INTERNAL,200,
/post/metamorphosis,Dreamlab,/blog,/blog,INTERNAL,200,
/post/metamorphosis,Book an application callBook a Call,/contact,/contact,INTERNAL,200,
/post/metamorphosis,Home,/,/,INTERNAL,200,
/post/metamorphosis,Dreamlab,/blog,/blog,INTERNAL,200,
/post/metamorphosis,Pricing,/packages,/packages,INTERNAL,200,
/post/metamorphosis,Altify,/work/altify,/work/altify,INTERNAL,200,
/post/metamorphosis,Circuit,/work/circuit,/work/circuit,INTERNAL,200,
/post/metamorphosis,Oxipack,/work/oxipack,/work/oxipack,INTERNAL,200,
/post/metamorphosis,,/post/beyond-the-eu30-000,/post/beyond-the-eu30-000,INTERNAL,200,
/post/metamorphosis,Beyond the €30 000,/post/beyond-the-eu30-000,/post/beyond-the-eu30-000,INTERNAL,200,
/post/metamorphosis,Read full article→,/post/beyond-the-eu30-000,/post/beyond-the-eu30-000,INTERNAL,200,
/post/metamorphosis,,/post/the-cost-of-refusing-to-adapt,/post/the-cost-of-refusing-to-adapt,INTERNAL,200,
/post/metamorphosis,The Cost of Refusing to Adapt,/post/the-cost-of-refusing-to-adapt,/post/the-cost-of-refusing-to-adapt,INTERNAL,200,
/post/metamorphosis,Read full article→,/post/the-cost-of-refusing-to-adapt,/post/the-cost-of-refusing-to-adapt,INTERNAL,200,
/post/metamorphosis,,/post/the-gold-bar-theory,/post/the-gold-bar-theory,INTERNAL,200,
/post/metamorphosis,The Gold Bar Theory,/post/the-gold-bar-theory,/post/the-gold-bar-theory,INTERNAL,200,
/post/metamorphosis,Read full article→,/post/the-gold-bar-theory,/post/the-gold-bar-theory,INTERNAL,200,
/post/metamorphosis,About,/about,/about,INTERNAL,200,
/post/metamorphosis,What we do,/#what-we-do,/,INTERNAL,200,
/post/metamorphosis,Work / Case studies,/work,/work,INTERNAL,200,
/post/metamorphosis,Brand Credibility Scorecard,/scorecard,/scorecard,INTERNAL,200,
/post/metamorphosis,Contact,/contact,/contact,INTERNAL,200,
/post/metamorphosis,LinkedIn,https://www.linkedin.com/company/nexubis/,,EXTERNAL,,
/post/metamorphosis,Instagram,https://www.instagram.com/nexubis.design/,,EXTERNAL,,
/post/momentum-fever,,/,/,INTERNAL,200,
/post/momentum-fever,Altify,/work/altify,/work/altify,INTERNAL,200,
/post/momentum-fever,Circuit,/work/circuit,/work/circuit,INTERNAL,200,
/post/momentum-fever,Oxipack,/work/oxipack,/work/oxipack,INTERNAL,200,
/post/momentum-fever,Packages,/packages,/packages,INTERNAL,200,
/post/momentum-fever,Dreamlab,/blog,/blog,INTERNAL,200,
/post/momentum-fever,Book an application callBook a Call,/contact,/contact,INTERNAL,200,
/post/momentum-fever,Home,/,/,INTERNAL,200,
/post/momentum-fever,Dreamlab,/blog,/blog,INTERNAL,200,
/post/momentum-fever,Pricing,/packages,/packages,INTERNAL,200,
/post/momentum-fever,Altify,/work/altify,/work/altify,INTERNAL,200,
/post/momentum-fever,Circuit,/work/circuit,/work/circuit,INTERNAL,200,
/post/momentum-fever,Oxipack,/work/oxipack,/work/oxipack,INTERNAL,200,
/post/momentum-fever,,/post/metamorphosis,/post/metamorphosis,INTERNAL,200,
/post/momentum-fever,Metamorphosis,/post/metamorphosis,/post/metamorphosis,INTERNAL,200,
/post/momentum-fever,Read full article→,/post/metamorphosis,/post/metamorphosis,INTERNAL,200,
/post/momentum-fever,,/post/beyond-the-eu30-000,/post/beyond-the-eu30-000,INTERNAL,200,
/post/momentum-fever,Beyond the €30 000,/post/beyond-the-eu30-000,/post/beyond-the-eu30-000,INTERNAL,200,
/post/momentum-fever,Read full article→,/post/beyond-the-eu30-000,/post/beyond-the-eu30-000,INTERNAL,200,
/post/momentum-fever,,/post/the-cost-of-refusing-to-adapt,/post/the-cost-of-refusing-to-adapt,INTERNAL,200,
/post/momentum-fever,The Cost of Refusing to Adapt,/post/the-cost-of-refusing-to-adapt,/post/the-cost-of-refusing-to-adapt,INTERNAL,200,
/post/momentum-fever,Read full article→,/post/the-cost-of-refusing-to-adapt,/post/the-cost-of-refusing-to-adapt,INTERNAL,200,
/post/momentum-fever,About,/about,/about,INTERNAL,200,
/post/momentum-fever,What we do,/#what-we-do,/,INTERNAL,200,
/post/momentum-fever,Work / Case studies,/work,/work,INTERNAL,200,
/post/momentum-fever,Brand Credibility Scorecard,/scorecard,/scorecard,INTERNAL,200,
/post/momentum-fever,Contact,/contact,/contact,INTERNAL,200,
/post/momentum-fever,LinkedIn,https://www.linkedin.com/company/nexubis/,,EXTERNAL,,
/post/momentum-fever,Instagram,https://www.instagram.com/nexubis.design/,,EXTERNAL,,
/post/most-of-my-job-sucks,,/,/,INTERNAL,200,
/post/most-of-my-job-sucks,Altify,/work/altify,/work/altify,INTERNAL,200,
/post/most-of-my-job-sucks,Circuit,/work/circuit,/work/circuit,INTERNAL,200,
/post/most-of-my-job-sucks,Oxipack,/work/oxipack,/work/oxipack,INTERNAL,200,
/post/most-of-my-job-sucks,Packages,/packages,/packages,INTERNAL,200,
/post/most-of-my-job-sucks,Dreamlab,/blog,/blog,INTERNAL,200,
/post/most-of-my-job-sucks,Book an application callBook a Call,/contact,/contact,INTERNAL,200,
/post/most-of-my-job-sucks,Home,/,/,INTERNAL,200,
/post/most-of-my-job-sucks,Dreamlab,/blog,/blog,INTERNAL,200,
/post/most-of-my-job-sucks,Pricing,/packages,/packages,INTERNAL,200,
/post/most-of-my-job-sucks,Altify,/work/altify,/work/altify,INTERNAL,200,
/post/most-of-my-job-sucks,Circuit,/work/circuit,/work/circuit,INTERNAL,200,
/post/most-of-my-job-sucks,Oxipack,/work/oxipack,/work/oxipack,INTERNAL,200,
/post/most-of-my-job-sucks,,/post/metamorphosis,/post/metamorphosis,INTERNAL,200,
/post/most-of-my-job-sucks,Metamorphosis,/post/metamorphosis,/post/metamorphosis,INTERNAL,200,
/post/most-of-my-job-sucks,Read full article→,/post/metamorphosis,/post/metamorphosis,INTERNAL,200,
/post/most-of-my-job-sucks,,/post/beyond-the-eu30-000,/post/beyond-the-eu30-000,INTERNAL,200,
/post/most-of-my-job-sucks,Beyond the €30 000,/post/beyond-the-eu30-000,/post/beyond-the-eu30-000,INTERNAL,200,
/post/most-of-my-job-sucks,Read full article→,/post/beyond-the-eu30-000,/post/beyond-the-eu30-000,INTERNAL,200,
/post/most-of-my-job-sucks,,/post/the-cost-of-refusing-to-adapt,/post/the-cost-of-refusing-to-adapt,INTERNAL,200,
/post/most-of-my-job-sucks,The Cost of Refusing to Adapt,/post/the-cost-of-refusing-to-adapt,/post/the-cost-of-refusing-to-adapt,INTERNAL,200,
/post/most-of-my-job-sucks,Read full article→,/post/the-cost-of-refusing-to-adapt,/post/the-cost-of-refusing-to-adapt,INTERNAL,200,
/post/most-of-my-job-sucks,About,/about,/about,INTERNAL,200,
/post/most-of-my-job-sucks,What we do,/#what-we-do,/,INTERNAL,200,
/post/most-of-my-job-sucks,Work / Case studies,/work,/work,INTERNAL,200,
/post/most-of-my-job-sucks,Brand Credibility Scorecard,/scorecard,/scorecard,INTERNAL,200,
/post/most-of-my-job-sucks,Contact,/contact,/contact,INTERNAL,200,
/post/most-of-my-job-sucks,LinkedIn,https://www.linkedin.com/company/nexubis/,,EXTERNAL,,
/post/most-of-my-job-sucks,Instagram,https://www.instagram.com/nexubis.design/,,EXTERNAL,,
/post/my-1st-biggest-mistake,,/,/,INTERNAL,200,
/post/my-1st-biggest-mistake,Altify,/work/altify,/work/altify,INTERNAL,200,
/post/my-1st-biggest-mistake,Circuit,/work/circuit,/work/circuit,INTERNAL,200,
/post/my-1st-biggest-mistake,Oxipack,/work/oxipack,/work/oxipack,INTERNAL,200,
/post/my-1st-biggest-mistake,Packages,/packages,/packages,INTERNAL,200,
/post/my-1st-biggest-mistake,Dreamlab,/blog,/blog,INTERNAL,200,
/post/my-1st-biggest-mistake,Book an application callBook a Call,/contact,/contact,INTERNAL,200,
/post/my-1st-biggest-mistake,Home,/,/,INTERNAL,200,
/post/my-1st-biggest-mistake,Dreamlab,/blog,/blog,INTERNAL,200,
/post/my-1st-biggest-mistake,Pricing,/packages,/packages,INTERNAL,200,
/post/my-1st-biggest-mistake,Altify,/work/altify,/work/altify,INTERNAL,200,
/post/my-1st-biggest-mistake,Circuit,/work/circuit,/work/circuit,INTERNAL,200,
/post/my-1st-biggest-mistake,Oxipack,/work/oxipack,/work/oxipack,INTERNAL,200,
/post/my-1st-biggest-mistake,,/post/metamorphosis,/post/metamorphosis,INTERNAL,200,
/post/my-1st-biggest-mistake,Metamorphosis,/post/metamorphosis,/post/metamorphosis,INTERNAL,200,
/post/my-1st-biggest-mistake,Read full article→,/post/metamorphosis,/post/metamorphosis,INTERNAL,200,
/post/my-1st-biggest-mistake,,/post/beyond-the-eu30-000,/post/beyond-the-eu30-000,INTERNAL,200,
/post/my-1st-biggest-mistake,Beyond the €30 000,/post/beyond-the-eu30-000,/post/beyond-the-eu30-000,INTERNAL,200,
/post/my-1st-biggest-mistake,Read full article→,/post/beyond-the-eu30-000,/post/beyond-the-eu30-000,INTERNAL,200,
/post/my-1st-biggest-mistake,,/post/the-cost-of-refusing-to-adapt,/post/the-cost-of-refusing-to-adapt,INTERNAL,200,
/post/my-1st-biggest-mistake,The Cost of Refusing to Adapt,/post/the-cost-of-refusing-to-adapt,/post/the-cost-of-refusing-to-adapt,INTERNAL,200,
/post/my-1st-biggest-mistake,Read full article→,/post/the-cost-of-refusing-to-adapt,/post/the-cost-of-refusing-to-adapt,INTERNAL,200,
/post/my-1st-biggest-mistake,About,/about,/about,INTERNAL,200,
/post/my-1st-biggest-mistake,What we do,/#what-we-do,/,INTERNAL,200,
/post/my-1st-biggest-mistake,Work / Case studies,/work,/work,INTERNAL,200,
/post/my-1st-biggest-mistake,Brand Credibility Scorecard,/scorecard,/scorecard,INTERNAL,200,
/post/my-1st-biggest-mistake,Contact,/contact,/contact,INTERNAL,200,
/post/my-1st-biggest-mistake,LinkedIn,https://www.linkedin.com/company/nexubis/,,EXTERNAL,,
/post/my-1st-biggest-mistake,Instagram,https://www.instagram.com/nexubis.design/,,EXTERNAL,,
/post/new-years-resolutions,,/,/,INTERNAL,200,
/post/new-years-resolutions,Altify,/work/altify,/work/altify,INTERNAL,200,
/post/new-years-resolutions,Circuit,/work/circuit,/work/circuit,INTERNAL,200,
/post/new-years-resolutions,Oxipack,/work/oxipack,/work/oxipack,INTERNAL,200,
/post/new-years-resolutions,Packages,/packages,/packages,INTERNAL,200,
/post/new-years-resolutions,Dreamlab,/blog,/blog,INTERNAL,200,
/post/new-years-resolutions,Book an application callBook a Call,/contact,/contact,INTERNAL,200,
/post/new-years-resolutions,Home,/,/,INTERNAL,200,
/post/new-years-resolutions,Dreamlab,/blog,/blog,INTERNAL,200,
/post/new-years-resolutions,Pricing,/packages,/packages,INTERNAL,200,
/post/new-years-resolutions,Altify,/work/altify,/work/altify,INTERNAL,200,
/post/new-years-resolutions,Circuit,/work/circuit,/work/circuit,INTERNAL,200,
/post/new-years-resolutions,Oxipack,/work/oxipack,/work/oxipack,INTERNAL,200,
/post/new-years-resolutions,,/post/metamorphosis,/post/metamorphosis,INTERNAL,200,
/post/new-years-resolutions,Metamorphosis,/post/metamorphosis,/post/metamorphosis,INTERNAL,200,
/post/new-years-resolutions,Read full article→,/post/metamorphosis,/post/metamorphosis,INTERNAL,200,
/post/new-years-resolutions,,/post/beyond-the-eu30-000,/post/beyond-the-eu30-000,INTERNAL,200,
/post/new-years-resolutions,Beyond the €30 000,/post/beyond-the-eu30-000,/post/beyond-the-eu30-000,INTERNAL,200,
/post/new-years-resolutions,Read full article→,/post/beyond-the-eu30-000,/post/beyond-the-eu30-000,INTERNAL,200,
/post/new-years-resolutions,,/post/the-cost-of-refusing-to-adapt,/post/the-cost-of-refusing-to-adapt,INTERNAL,200,
/post/new-years-resolutions,The Cost of Refusing to Adapt,/post/the-cost-of-refusing-to-adapt,/post/the-cost-of-refusing-to-adapt,INTERNAL,200,
/post/new-years-resolutions,Read full article→,/post/the-cost-of-refusing-to-adapt,/post/the-cost-of-refusing-to-adapt,INTERNAL,200,
/post/new-years-resolutions,About,/about,/about,INTERNAL,200,
/post/new-years-resolutions,What we do,/#what-we-do,/,INTERNAL,200,
/post/new-years-resolutions,Work / Case studies,/work,/work,INTERNAL,200,
/post/new-years-resolutions,Brand Credibility Scorecard,/scorecard,/scorecard,INTERNAL,200,
/post/new-years-resolutions,Contact,/contact,/contact,INTERNAL,200,
/post/new-years-resolutions,LinkedIn,https://www.linkedin.com/company/nexubis/,,EXTERNAL,,
/post/new-years-resolutions,Instagram,https://www.instagram.com/nexubis.design/,,EXTERNAL,,
/post/not-everyone-wants-the-gold-bar,,/,/,INTERNAL,200,
/post/not-everyone-wants-the-gold-bar,Altify,/work/altify,/work/altify,INTERNAL,200,
/post/not-everyone-wants-the-gold-bar,Circuit,/work/circuit,/work/circuit,INTERNAL,200,
/post/not-everyone-wants-the-gold-bar,Oxipack,/work/oxipack,/work/oxipack,INTERNAL,200,
/post/not-everyone-wants-the-gold-bar,Packages,/packages,/packages,INTERNAL,200,
/post/not-everyone-wants-the-gold-bar,Dreamlab,/blog,/blog,INTERNAL,200,
/post/not-everyone-wants-the-gold-bar,Book an application callBook a Call,/contact,/contact,INTERNAL,200,
/post/not-everyone-wants-the-gold-bar,Home,/,/,INTERNAL,200,
/post/not-everyone-wants-the-gold-bar,Dreamlab,/blog,/blog,INTERNAL,200,
/post/not-everyone-wants-the-gold-bar,Pricing,/packages,/packages,INTERNAL,200,
/post/not-everyone-wants-the-gold-bar,Altify,/work/altify,/work/altify,INTERNAL,200,
/post/not-everyone-wants-the-gold-bar,Circuit,/work/circuit,/work/circuit,INTERNAL,200,
/post/not-everyone-wants-the-gold-bar,Oxipack,/work/oxipack,/work/oxipack,INTERNAL,200,
/post/not-everyone-wants-the-gold-bar,,/post/metamorphosis,/post/metamorphosis,INTERNAL,200,
/post/not-everyone-wants-the-gold-bar,Metamorphosis,/post/metamorphosis,/post/metamorphosis,INTERNAL,200,
/post/not-everyone-wants-the-gold-bar,Read full article→,/post/metamorphosis,/post/metamorphosis,INTERNAL,200,
/post/not-everyone-wants-the-gold-bar,,/post/beyond-the-eu30-000,/post/beyond-the-eu30-000,INTERNAL,200,
/post/not-everyone-wants-the-gold-bar,Beyond the €30 000,/post/beyond-the-eu30-000,/post/beyond-the-eu30-000,INTERNAL,200,
/post/not-everyone-wants-the-gold-bar,Read full article→,/post/beyond-the-eu30-000,/post/beyond-the-eu30-000,INTERNAL,200,
/post/not-everyone-wants-the-gold-bar,,/post/the-cost-of-refusing-to-adapt,/post/the-cost-of-refusing-to-adapt,INTERNAL,200,
/post/not-everyone-wants-the-gold-bar,The Cost of Refusing to Adapt,/post/the-cost-of-refusing-to-adapt,/post/the-cost-of-refusing-to-adapt,INTERNAL,200,
/post/not-everyone-wants-the-gold-bar,Read full article→,/post/the-cost-of-refusing-to-adapt,/post/the-cost-of-refusing-to-adapt,INTERNAL,200,
/post/not-everyone-wants-the-gold-bar,About,/about,/about,INTERNAL,200,
/post/not-everyone-wants-the-gold-bar,What we do,/#what-we-do,/,INTERNAL,200,
/post/not-everyone-wants-the-gold-bar,Work / Case studies,/work,/work,INTERNAL,200,
/post/not-everyone-wants-the-gold-bar,Brand Credibility Scorecard,/scorecard,/scorecard,INTERNAL,200,
/post/not-everyone-wants-the-gold-bar,Contact,/contact,/contact,INTERNAL,200,
/post/not-everyone-wants-the-gold-bar,LinkedIn,https://www.linkedin.com/company/nexubis/,,EXTERNAL,,
/post/not-everyone-wants-the-gold-bar,Instagram,https://www.instagram.com/nexubis.design/,,EXTERNAL,,
/post/overcoming-imposter-syndrome,,/,/,INTERNAL,200,
/post/overcoming-imposter-syndrome,Altify,/work/altify,/work/altify,INTERNAL,200,
/post/overcoming-imposter-syndrome,Circuit,/work/circuit,/work/circuit,INTERNAL,200,
/post/overcoming-imposter-syndrome,Oxipack,/work/oxipack,/work/oxipack,INTERNAL,200,
/post/overcoming-imposter-syndrome,Packages,/packages,/packages,INTERNAL,200,
/post/overcoming-imposter-syndrome,Dreamlab,/blog,/blog,INTERNAL,200,
/post/overcoming-imposter-syndrome,Book an application callBook a Call,/contact,/contact,INTERNAL,200,
/post/overcoming-imposter-syndrome,Home,/,/,INTERNAL,200,
/post/overcoming-imposter-syndrome,Dreamlab,/blog,/blog,INTERNAL,200,
/post/overcoming-imposter-syndrome,Pricing,/packages,/packages,INTERNAL,200,
/post/overcoming-imposter-syndrome,Altify,/work/altify,/work/altify,INTERNAL,200,
/post/overcoming-imposter-syndrome,Circuit,/work/circuit,/work/circuit,INTERNAL,200,
/post/overcoming-imposter-syndrome,Oxipack,/work/oxipack,/work/oxipack,INTERNAL,200,
/post/overcoming-imposter-syndrome,,/post/metamorphosis,/post/metamorphosis,INTERNAL,200,
/post/overcoming-imposter-syndrome,Metamorphosis,/post/metamorphosis,/post/metamorphosis,INTERNAL,200,
/post/overcoming-imposter-syndrome,Read full article→,/post/metamorphosis,/post/metamorphosis,INTERNAL,200,
/post/overcoming-imposter-syndrome,,/post/beyond-the-eu30-000,/post/beyond-the-eu30-000,INTERNAL,200,
/post/overcoming-imposter-syndrome,Beyond the €30 000,/post/beyond-the-eu30-000,/post/beyond-the-eu30-000,INTERNAL,200,
/post/overcoming-imposter-syndrome,Read full article→,/post/beyond-the-eu30-000,/post/beyond-the-eu30-000,INTERNAL,200,
/post/overcoming-imposter-syndrome,,/post/the-cost-of-refusing-to-adapt,/post/the-cost-of-refusing-to-adapt,INTERNAL,200,
/post/overcoming-imposter-syndrome,The Cost of Refusing to Adapt,/post/the-cost-of-refusing-to-adapt,/post/the-cost-of-refusing-to-adapt,INTERNAL,200,
/post/overcoming-imposter-syndrome,Read full article→,/post/the-cost-of-refusing-to-adapt,/post/the-cost-of-refusing-to-adapt,INTERNAL,200,
/post/overcoming-imposter-syndrome,About,/about,/about,INTERNAL,200,
/post/overcoming-imposter-syndrome,What we do,/#what-we-do,/,INTERNAL,200,
/post/overcoming-imposter-syndrome,Work / Case studies,/work,/work,INTERNAL,200,
/post/overcoming-imposter-syndrome,Brand Credibility Scorecard,/scorecard,/scorecard,INTERNAL,200,
/post/overcoming-imposter-syndrome,Contact,/contact,/contact,INTERNAL,200,
/post/overcoming-imposter-syndrome,LinkedIn,https://www.linkedin.com/company/nexubis/,,EXTERNAL,,
/post/overcoming-imposter-syndrome,Instagram,https://www.instagram.com/nexubis.design/,,EXTERNAL,,
/post/oxipack-empowering-nexubis,,/,/,INTERNAL,200,
/post/oxipack-empowering-nexubis,Altify,/work/altify,/work/altify,INTERNAL,200,
/post/oxipack-empowering-nexubis,Circuit,/work/circuit,/work/circuit,INTERNAL,200,
/post/oxipack-empowering-nexubis,Oxipack,/work/oxipack,/work/oxipack,INTERNAL,200,
/post/oxipack-empowering-nexubis,Packages,/packages,/packages,INTERNAL,200,
/post/oxipack-empowering-nexubis,Dreamlab,/blog,/blog,INTERNAL,200,
/post/oxipack-empowering-nexubis,Book an application callBook a Call,/contact,/contact,INTERNAL,200,
/post/oxipack-empowering-nexubis,Home,/,/,INTERNAL,200,
/post/oxipack-empowering-nexubis,Dreamlab,/blog,/blog,INTERNAL,200,
/post/oxipack-empowering-nexubis,Pricing,/packages,/packages,INTERNAL,200,
/post/oxipack-empowering-nexubis,Altify,/work/altify,/work/altify,INTERNAL,200,
/post/oxipack-empowering-nexubis,Circuit,/work/circuit,/work/circuit,INTERNAL,200,
/post/oxipack-empowering-nexubis,Oxipack,/work/oxipack,/work/oxipack,INTERNAL,200,
/post/oxipack-empowering-nexubis,here,/post/altify-empowering-nexubis,/post/altify-empowering-nexubis,INTERNAL,200,
/post/oxipack-empowering-nexubis,,/post/circuit-securing-nexubis,/post/circuit-securing-nexubis,INTERNAL,200,
/post/oxipack-empowering-nexubis,Circuit: Securing Nexubis,/post/circuit-securing-nexubis,/post/circuit-securing-nexubis,INTERNAL,200,
/post/oxipack-empowering-nexubis,Read full article→,/post/circuit-securing-nexubis,/post/circuit-securing-nexubis,INTERNAL,200,
/post/oxipack-empowering-nexubis,,/post/altify-empowering-nexubis,/post/altify-empowering-nexubis,INTERNAL,200,
/post/oxipack-empowering-nexubis,Altify: Empowering Nexubis,/post/altify-empowering-nexubis,/post/altify-empowering-nexubis,INTERNAL,200,
/post/oxipack-empowering-nexubis,Read full article→,/post/altify-empowering-nexubis,/post/altify-empowering-nexubis,INTERNAL,200,
/post/oxipack-empowering-nexubis,,/post/empowering-women-with-project-flamingo,/post/empowering-women-with-project-flamingo,INTERNAL,200,
/post/oxipack-empowering-nexubis,Empowering Women with Project Flamingo,/post/empowering-women-with-project-flamingo,/post/empowering-women-with-project-flamingo,INTERNAL,200,
/post/oxipack-empowering-nexubis,Read full article→,/post/empowering-women-with-project-flamingo,/post/empowering-women-with-project-flamingo,INTERNAL,200,
/post/oxipack-empowering-nexubis,About,/about,/about,INTERNAL,200,
/post/oxipack-empowering-nexubis,What we do,/#what-we-do,/,INTERNAL,200,
/post/oxipack-empowering-nexubis,Work / Case studies,/work,/work,INTERNAL,200,
/post/oxipack-empowering-nexubis,Brand Credibility Scorecard,/scorecard,/scorecard,INTERNAL,200,
/post/oxipack-empowering-nexubis,Contact,/contact,/contact,INTERNAL,200,
/post/oxipack-empowering-nexubis,LinkedIn,https://www.linkedin.com/company/nexubis/,,EXTERNAL,,
/post/oxipack-empowering-nexubis,Instagram,https://www.instagram.com/nexubis.design/,,EXTERNAL,,
/post/partnership-over-transaction,,/,/,INTERNAL,200,
/post/partnership-over-transaction,Altify,/work/altify,/work/altify,INTERNAL,200,
/post/partnership-over-transaction,Circuit,/work/circuit,/work/circuit,INTERNAL,200,
/post/partnership-over-transaction,Oxipack,/work/oxipack,/work/oxipack,INTERNAL,200,
/post/partnership-over-transaction,Packages,/packages,/packages,INTERNAL,200,
/post/partnership-over-transaction,Dreamlab,/blog,/blog,INTERNAL,200,
/post/partnership-over-transaction,Book an application callBook a Call,/contact,/contact,INTERNAL,200,
/post/partnership-over-transaction,Home,/,/,INTERNAL,200,
/post/partnership-over-transaction,Dreamlab,/blog,/blog,INTERNAL,200,
/post/partnership-over-transaction,Pricing,/packages,/packages,INTERNAL,200,
/post/partnership-over-transaction,Altify,/work/altify,/work/altify,INTERNAL,200,
/post/partnership-over-transaction,Circuit,/work/circuit,/work/circuit,INTERNAL,200,
/post/partnership-over-transaction,Oxipack,/work/oxipack,/work/oxipack,INTERNAL,200,
/post/partnership-over-transaction,,/post/metamorphosis,/post/metamorphosis,INTERNAL,200,
/post/partnership-over-transaction,Metamorphosis,/post/metamorphosis,/post/metamorphosis,INTERNAL,200,
/post/partnership-over-transaction,Read full article→,/post/metamorphosis,/post/metamorphosis,INTERNAL,200,
/post/partnership-over-transaction,,/post/beyond-the-eu30-000,/post/beyond-the-eu30-000,INTERNAL,200,
/post/partnership-over-transaction,Beyond the €30 000,/post/beyond-the-eu30-000,/post/beyond-the-eu30-000,INTERNAL,200,
/post/partnership-over-transaction,Read full article→,/post/beyond-the-eu30-000,/post/beyond-the-eu30-000,INTERNAL,200,
/post/partnership-over-transaction,,/post/the-cost-of-refusing-to-adapt,/post/the-cost-of-refusing-to-adapt,INTERNAL,200,
/post/partnership-over-transaction,The Cost of Refusing to Adapt,/post/the-cost-of-refusing-to-adapt,/post/the-cost-of-refusing-to-adapt,INTERNAL,200,
/post/partnership-over-transaction,Read full article→,/post/the-cost-of-refusing-to-adapt,/post/the-cost-of-refusing-to-adapt,INTERNAL,200,
/post/partnership-over-transaction,About,/about,/about,INTERNAL,200,
/post/partnership-over-transaction,What we do,/#what-we-do,/,INTERNAL,200,
/post/partnership-over-transaction,Work / Case studies,/work,/work,INTERNAL,200,
/post/partnership-over-transaction,Brand Credibility Scorecard,/scorecard,/scorecard,INTERNAL,200,
/post/partnership-over-transaction,Contact,/contact,/contact,INTERNAL,200,
/post/partnership-over-transaction,LinkedIn,https://www.linkedin.com/company/nexubis/,,EXTERNAL,,
/post/partnership-over-transaction,Instagram,https://www.instagram.com/nexubis.design/,,EXTERNAL,,
/post/pick-your-battles,,/,/,INTERNAL,200,
/post/pick-your-battles,Altify,/work/altify,/work/altify,INTERNAL,200,
/post/pick-your-battles,Circuit,/work/circuit,/work/circuit,INTERNAL,200,
/post/pick-your-battles,Oxipack,/work/oxipack,/work/oxipack,INTERNAL,200,
/post/pick-your-battles,Packages,/packages,/packages,INTERNAL,200,
/post/pick-your-battles,Dreamlab,/blog,/blog,INTERNAL,200,
/post/pick-your-battles,Book an application callBook a Call,/contact,/contact,INTERNAL,200,
/post/pick-your-battles,Home,/,/,INTERNAL,200,
/post/pick-your-battles,Dreamlab,/blog,/blog,INTERNAL,200,
/post/pick-your-battles,Pricing,/packages,/packages,INTERNAL,200,
/post/pick-your-battles,Altify,/work/altify,/work/altify,INTERNAL,200,
/post/pick-your-battles,Circuit,/work/circuit,/work/circuit,INTERNAL,200,
/post/pick-your-battles,Oxipack,/work/oxipack,/work/oxipack,INTERNAL,200,
/post/pick-your-battles,Your Perception Is Your Reality:,/post/your-perception-is-your-reality,/post/your-perception-is-your-reality,INTERNAL,200,
/post/pick-your-battles,Resentment Is a Symptom of Poor Process:,/post/resentment-is-a-symptom-of-poor-process,/post/resentment-is-a-symptom-of-poor-process,INTERNAL,200,
/post/pick-your-battles,,/post/metamorphosis,/post/metamorphosis,INTERNAL,200,
/post/pick-your-battles,Metamorphosis,/post/metamorphosis,/post/metamorphosis,INTERNAL,200,
/post/pick-your-battles,Read full article→,/post/metamorphosis,/post/metamorphosis,INTERNAL,200,
/post/pick-your-battles,,/post/beyond-the-eu30-000,/post/beyond-the-eu30-000,INTERNAL,200,
/post/pick-your-battles,Beyond the €30 000,/post/beyond-the-eu30-000,/post/beyond-the-eu30-000,INTERNAL,200,
/post/pick-your-battles,Read full article→,/post/beyond-the-eu30-000,/post/beyond-the-eu30-000,INTERNAL,200,
/post/pick-your-battles,,/post/the-cost-of-refusing-to-adapt,/post/the-cost-of-refusing-to-adapt,INTERNAL,200,
/post/pick-your-battles,The Cost of Refusing to Adapt,/post/the-cost-of-refusing-to-adapt,/post/the-cost-of-refusing-to-adapt,INTERNAL,200,
/post/pick-your-battles,Read full article→,/post/the-cost-of-refusing-to-adapt,/post/the-cost-of-refusing-to-adapt,INTERNAL,200,
/post/pick-your-battles,About,/about,/about,INTERNAL,200,
/post/pick-your-battles,What we do,/#what-we-do,/,INTERNAL,200,
/post/pick-your-battles,Work / Case studies,/work,/work,INTERNAL,200,
/post/pick-your-battles,Brand Credibility Scorecard,/scorecard,/scorecard,INTERNAL,200,
/post/pick-your-battles,Contact,/contact,/contact,INTERNAL,200,
/post/pick-your-battles,LinkedIn,https://www.linkedin.com/company/nexubis/,,EXTERNAL,,
/post/pick-your-battles,Instagram,https://www.instagram.com/nexubis.design/,,EXTERNAL,,
/post/press-pause,,/,/,INTERNAL,200,
/post/press-pause,Altify,/work/altify,/work/altify,INTERNAL,200,
/post/press-pause,Circuit,/work/circuit,/work/circuit,INTERNAL,200,
/post/press-pause,Oxipack,/work/oxipack,/work/oxipack,INTERNAL,200,
/post/press-pause,Packages,/packages,/packages,INTERNAL,200,
/post/press-pause,Dreamlab,/blog,/blog,INTERNAL,200,
/post/press-pause,Book an application callBook a Call,/contact,/contact,INTERNAL,200,
/post/press-pause,Home,/,/,INTERNAL,200,
/post/press-pause,Dreamlab,/blog,/blog,INTERNAL,200,
/post/press-pause,Pricing,/packages,/packages,INTERNAL,200,
/post/press-pause,Altify,/work/altify,/work/altify,INTERNAL,200,
/post/press-pause,Circuit,/work/circuit,/work/circuit,INTERNAL,200,
/post/press-pause,Oxipack,/work/oxipack,/work/oxipack,INTERNAL,200,
/post/press-pause,,/post/metamorphosis,/post/metamorphosis,INTERNAL,200,
/post/press-pause,Metamorphosis,/post/metamorphosis,/post/metamorphosis,INTERNAL,200,
/post/press-pause,Read full article→,/post/metamorphosis,/post/metamorphosis,INTERNAL,200,
/post/press-pause,,/post/beyond-the-eu30-000,/post/beyond-the-eu30-000,INTERNAL,200,
/post/press-pause,Beyond the €30 000,/post/beyond-the-eu30-000,/post/beyond-the-eu30-000,INTERNAL,200,
/post/press-pause,Read full article→,/post/beyond-the-eu30-000,/post/beyond-the-eu30-000,INTERNAL,200,
/post/press-pause,,/post/the-cost-of-refusing-to-adapt,/post/the-cost-of-refusing-to-adapt,INTERNAL,200,
/post/press-pause,The Cost of Refusing to Adapt,/post/the-cost-of-refusing-to-adapt,/post/the-cost-of-refusing-to-adapt,INTERNAL,200,
/post/press-pause,Read full article→,/post/the-cost-of-refusing-to-adapt,/post/the-cost-of-refusing-to-adapt,INTERNAL,200,
/post/press-pause,About,/about,/about,INTERNAL,200,
/post/press-pause,What we do,/#what-we-do,/,INTERNAL,200,
/post/press-pause,Work / Case studies,/work,/work,INTERNAL,200,
/post/press-pause,Brand Credibility Scorecard,/scorecard,/scorecard,INTERNAL,200,
/post/press-pause,Contact,/contact,/contact,INTERNAL,200,
/post/press-pause,LinkedIn,https://www.linkedin.com/company/nexubis/,,EXTERNAL,,
/post/press-pause,Instagram,https://www.instagram.com/nexubis.design/,,EXTERNAL,,
/post/resentment-is-a-symptom-of-poor-process,,/,/,INTERNAL,200,
/post/resentment-is-a-symptom-of-poor-process,Altify,/work/altify,/work/altify,INTERNAL,200,
/post/resentment-is-a-symptom-of-poor-process,Circuit,/work/circuit,/work/circuit,INTERNAL,200,
/post/resentment-is-a-symptom-of-poor-process,Oxipack,/work/oxipack,/work/oxipack,INTERNAL,200,
/post/resentment-is-a-symptom-of-poor-process,Packages,/packages,/packages,INTERNAL,200,
/post/resentment-is-a-symptom-of-poor-process,Dreamlab,/blog,/blog,INTERNAL,200,
/post/resentment-is-a-symptom-of-poor-process,Book an application callBook a Call,/contact,/contact,INTERNAL,200,
/post/resentment-is-a-symptom-of-poor-process,Home,/,/,INTERNAL,200,
/post/resentment-is-a-symptom-of-poor-process,Dreamlab,/blog,/blog,INTERNAL,200,
/post/resentment-is-a-symptom-of-poor-process,Pricing,/packages,/packages,INTERNAL,200,
/post/resentment-is-a-symptom-of-poor-process,Altify,/work/altify,/work/altify,INTERNAL,200,
/post/resentment-is-a-symptom-of-poor-process,Circuit,/work/circuit,/work/circuit,INTERNAL,200,
/post/resentment-is-a-symptom-of-poor-process,Oxipack,/work/oxipack,/work/oxipack,INTERNAL,200,
/post/resentment-is-a-symptom-of-poor-process,“Process vs. People”,/post/the-process-or-people-problem,/post/the-process-or-people-problem,INTERNAL,200,
/post/resentment-is-a-symptom-of-poor-process,,/post/metamorphosis,/post/metamorphosis,INTERNAL,200,
/post/resentment-is-a-symptom-of-poor-process,Metamorphosis,/post/metamorphosis,/post/metamorphosis,INTERNAL,200,
/post/resentment-is-a-symptom-of-poor-process,Read full article→,/post/metamorphosis,/post/metamorphosis,INTERNAL,200,
/post/resentment-is-a-symptom-of-poor-process,,/post/beyond-the-eu30-000,/post/beyond-the-eu30-000,INTERNAL,200,
/post/resentment-is-a-symptom-of-poor-process,Beyond the €30 000,/post/beyond-the-eu30-000,/post/beyond-the-eu30-000,INTERNAL,200,
/post/resentment-is-a-symptom-of-poor-process,Read full article→,/post/beyond-the-eu30-000,/post/beyond-the-eu30-000,INTERNAL,200,
/post/resentment-is-a-symptom-of-poor-process,,/post/the-cost-of-refusing-to-adapt,/post/the-cost-of-refusing-to-adapt,INTERNAL,200,
/post/resentment-is-a-symptom-of-poor-process,The Cost of Refusing to Adapt,/post/the-cost-of-refusing-to-adapt,/post/the-cost-of-refusing-to-adapt,INTERNAL,200,
/post/resentment-is-a-symptom-of-poor-process,Read full article→,/post/the-cost-of-refusing-to-adapt,/post/the-cost-of-refusing-to-adapt,INTERNAL,200,
/post/resentment-is-a-symptom-of-poor-process,About,/about,/about,INTERNAL,200,
/post/resentment-is-a-symptom-of-poor-process,What we do,/#what-we-do,/,INTERNAL,200,
/post/resentment-is-a-symptom-of-poor-process,Work / Case studies,/work,/work,INTERNAL,200,
/post/resentment-is-a-symptom-of-poor-process,Brand Credibility Scorecard,/scorecard,/scorecard,INTERNAL,200,
/post/resentment-is-a-symptom-of-poor-process,Contact,/contact,/contact,INTERNAL,200,
/post/resentment-is-a-symptom-of-poor-process,LinkedIn,https://www.linkedin.com/company/nexubis/,,EXTERNAL,,
/post/resentment-is-a-symptom-of-poor-process,Instagram,https://www.instagram.com/nexubis.design/,,EXTERNAL,,
/post/rethinking-the-nexubis-trial,,/,/,INTERNAL,200,
/post/rethinking-the-nexubis-trial,Altify,/work/altify,/work/altify,INTERNAL,200,
/post/rethinking-the-nexubis-trial,Circuit,/work/circuit,/work/circuit,INTERNAL,200,
/post/rethinking-the-nexubis-trial,Oxipack,/work/oxipack,/work/oxipack,INTERNAL,200,
/post/rethinking-the-nexubis-trial,Packages,/packages,/packages,INTERNAL,200,
/post/rethinking-the-nexubis-trial,Dreamlab,/blog,/blog,INTERNAL,200,
/post/rethinking-the-nexubis-trial,Book an application callBook a Call,/contact,/contact,INTERNAL,200,
/post/rethinking-the-nexubis-trial,Home,/,/,INTERNAL,200,
/post/rethinking-the-nexubis-trial,Dreamlab,/blog,/blog,INTERNAL,200,
/post/rethinking-the-nexubis-trial,Pricing,/packages,/packages,INTERNAL,200,
/post/rethinking-the-nexubis-trial,Altify,/work/altify,/work/altify,INTERNAL,200,
/post/rethinking-the-nexubis-trial,Circuit,/work/circuit,/work/circuit,INTERNAL,200,
/post/rethinking-the-nexubis-trial,Oxipack,/work/oxipack,/work/oxipack,INTERNAL,200,
/post/rethinking-the-nexubis-trial,,/post/the-nexubis-effect,/post/the-nexubis-effect,INTERNAL,200,
/post/rethinking-the-nexubis-trial,The Nexubis Effect,/post/the-nexubis-effect,/post/the-nexubis-effect,INTERNAL,200,
/post/rethinking-the-nexubis-trial,Read full article→,/post/the-nexubis-effect,/post/the-nexubis-effect,INTERNAL,200,
/post/rethinking-the-nexubis-trial,,/post/the-flex-package,/post/the-flex-package,INTERNAL,200,
/post/rethinking-the-nexubis-trial,The Flex Package,/post/the-flex-package,/post/the-flex-package,INTERNAL,200,
/post/rethinking-the-nexubis-trial,Read full article→,/post/the-flex-package,/post/the-flex-package,INTERNAL,200,
/post/rethinking-the-nexubis-trial,,/post/stop-selling-time-start-delivering-value,/post/stop-selling-time-start-delivering-value,INTERNAL,200,
/post/rethinking-the-nexubis-trial,Stop Selling Time. Start Delivering Value.,/post/stop-selling-time-start-delivering-value,/post/stop-selling-time-start-delivering-value,INTERNAL,200,
/post/rethinking-the-nexubis-trial,Read full article→,/post/stop-selling-time-start-delivering-value,/post/stop-selling-time-start-delivering-value,INTERNAL,200,
/post/rethinking-the-nexubis-trial,About,/about,/about,INTERNAL,200,
/post/rethinking-the-nexubis-trial,What we do,/#what-we-do,/,INTERNAL,200,
/post/rethinking-the-nexubis-trial,Work / Case studies,/work,/work,INTERNAL,200,
/post/rethinking-the-nexubis-trial,Brand Credibility Scorecard,/scorecard,/scorecard,INTERNAL,200,
/post/rethinking-the-nexubis-trial,Contact,/contact,/contact,INTERNAL,200,
/post/rethinking-the-nexubis-trial,LinkedIn,https://www.linkedin.com/company/nexubis/,,EXTERNAL,,
/post/rethinking-the-nexubis-trial,Instagram,https://www.instagram.com/nexubis.design/,,EXTERNAL,,
/post/scale-responsibly,,/,/,INTERNAL,200,
/post/scale-responsibly,Altify,/work/altify,/work/altify,INTERNAL,200,
/post/scale-responsibly,Circuit,/work/circuit,/work/circuit,INTERNAL,200,
/post/scale-responsibly,Oxipack,/work/oxipack,/work/oxipack,INTERNAL,200,
/post/scale-responsibly,Packages,/packages,/packages,INTERNAL,200,
/post/scale-responsibly,Dreamlab,/blog,/blog,INTERNAL,200,
/post/scale-responsibly,Book an application callBook a Call,/contact,/contact,INTERNAL,200,
/post/scale-responsibly,Home,/,/,INTERNAL,200,
/post/scale-responsibly,Dreamlab,/blog,/blog,INTERNAL,200,
/post/scale-responsibly,Pricing,/packages,/packages,INTERNAL,200,
/post/scale-responsibly,Altify,/work/altify,/work/altify,INTERNAL,200,
/post/scale-responsibly,Circuit,/work/circuit,/work/circuit,INTERNAL,200,
/post/scale-responsibly,Oxipack,/work/oxipack,/work/oxipack,INTERNAL,200,
/post/scale-responsibly,,/post/metamorphosis,/post/metamorphosis,INTERNAL,200,
/post/scale-responsibly,Metamorphosis,/post/metamorphosis,/post/metamorphosis,INTERNAL,200,
/post/scale-responsibly,Read full article→,/post/metamorphosis,/post/metamorphosis,INTERNAL,200,
/post/scale-responsibly,,/post/beyond-the-eu30-000,/post/beyond-the-eu30-000,INTERNAL,200,
/post/scale-responsibly,Beyond the €30 000,/post/beyond-the-eu30-000,/post/beyond-the-eu30-000,INTERNAL,200,
/post/scale-responsibly,Read full article→,/post/beyond-the-eu30-000,/post/beyond-the-eu30-000,INTERNAL,200,
/post/scale-responsibly,,/post/the-cost-of-refusing-to-adapt,/post/the-cost-of-refusing-to-adapt,INTERNAL,200,
/post/scale-responsibly,The Cost of Refusing to Adapt,/post/the-cost-of-refusing-to-adapt,/post/the-cost-of-refusing-to-adapt,INTERNAL,200,
/post/scale-responsibly,Read full article→,/post/the-cost-of-refusing-to-adapt,/post/the-cost-of-refusing-to-adapt,INTERNAL,200,
/post/scale-responsibly,About,/about,/about,INTERNAL,200,
/post/scale-responsibly,What we do,/#what-we-do,/,INTERNAL,200,
/post/scale-responsibly,Work / Case studies,/work,/work,INTERNAL,200,
/post/scale-responsibly,Brand Credibility Scorecard,/scorecard,/scorecard,INTERNAL,200,
/post/scale-responsibly,Contact,/contact,/contact,INTERNAL,200,
/post/scale-responsibly,LinkedIn,https://www.linkedin.com/company/nexubis/,,EXTERNAL,,
/post/scale-responsibly,Instagram,https://www.instagram.com/nexubis.design/,,EXTERNAL,,
/post/sell-the-slice-not-the-sauce,,/,/,INTERNAL,200,
/post/sell-the-slice-not-the-sauce,Altify,/work/altify,/work/altify,INTERNAL,200,
/post/sell-the-slice-not-the-sauce,Circuit,/work/circuit,/work/circuit,INTERNAL,200,
/post/sell-the-slice-not-the-sauce,Oxipack,/work/oxipack,/work/oxipack,INTERNAL,200,
/post/sell-the-slice-not-the-sauce,Packages,/packages,/packages,INTERNAL,200,
/post/sell-the-slice-not-the-sauce,Dreamlab,/blog,/blog,INTERNAL,200,
/post/sell-the-slice-not-the-sauce,Book an application callBook a Call,/contact,/contact,INTERNAL,200,
/post/sell-the-slice-not-the-sauce,Home,/,/,INTERNAL,200,
/post/sell-the-slice-not-the-sauce,Dreamlab,/blog,/blog,INTERNAL,200,
/post/sell-the-slice-not-the-sauce,Pricing,/packages,/packages,INTERNAL,200,
/post/sell-the-slice-not-the-sauce,Altify,/work/altify,/work/altify,INTERNAL,200,
/post/sell-the-slice-not-the-sauce,Circuit,/work/circuit,/work/circuit,INTERNAL,200,
/post/sell-the-slice-not-the-sauce,Oxipack,/work/oxipack,/work/oxipack,INTERNAL,200,
/post/sell-the-slice-not-the-sauce,,/post/metamorphosis,/post/metamorphosis,INTERNAL,200,
/post/sell-the-slice-not-the-sauce,Metamorphosis,/post/metamorphosis,/post/metamorphosis,INTERNAL,200,
/post/sell-the-slice-not-the-sauce,Read full article→,/post/metamorphosis,/post/metamorphosis,INTERNAL,200,
/post/sell-the-slice-not-the-sauce,,/post/beyond-the-eu30-000,/post/beyond-the-eu30-000,INTERNAL,200,
/post/sell-the-slice-not-the-sauce,Beyond the €30 000,/post/beyond-the-eu30-000,/post/beyond-the-eu30-000,INTERNAL,200,
/post/sell-the-slice-not-the-sauce,Read full article→,/post/beyond-the-eu30-000,/post/beyond-the-eu30-000,INTERNAL,200,
/post/sell-the-slice-not-the-sauce,,/post/the-cost-of-refusing-to-adapt,/post/the-cost-of-refusing-to-adapt,INTERNAL,200,
/post/sell-the-slice-not-the-sauce,The Cost of Refusing to Adapt,/post/the-cost-of-refusing-to-adapt,/post/the-cost-of-refusing-to-adapt,INTERNAL,200,
/post/sell-the-slice-not-the-sauce,Read full article→,/post/the-cost-of-refusing-to-adapt,/post/the-cost-of-refusing-to-adapt,INTERNAL,200,
/post/sell-the-slice-not-the-sauce,About,/about,/about,INTERNAL,200,
/post/sell-the-slice-not-the-sauce,What we do,/#what-we-do,/,INTERNAL,200,
/post/sell-the-slice-not-the-sauce,Work / Case studies,/work,/work,INTERNAL,200,
/post/sell-the-slice-not-the-sauce,Brand Credibility Scorecard,/scorecard,/scorecard,INTERNAL,200,
/post/sell-the-slice-not-the-sauce,Contact,/contact,/contact,INTERNAL,200,
/post/sell-the-slice-not-the-sauce,LinkedIn,https://www.linkedin.com/company/nexubis/,,EXTERNAL,,
/post/sell-the-slice-not-the-sauce,Instagram,https://www.instagram.com/nexubis.design/,,EXTERNAL,,
/post/skip-the-ladder-join-a-startup,,/,/,INTERNAL,200,
/post/skip-the-ladder-join-a-startup,Altify,/work/altify,/work/altify,INTERNAL,200,
/post/skip-the-ladder-join-a-startup,Circuit,/work/circuit,/work/circuit,INTERNAL,200,
/post/skip-the-ladder-join-a-startup,Oxipack,/work/oxipack,/work/oxipack,INTERNAL,200,
/post/skip-the-ladder-join-a-startup,Packages,/packages,/packages,INTERNAL,200,
/post/skip-the-ladder-join-a-startup,Dreamlab,/blog,/blog,INTERNAL,200,
/post/skip-the-ladder-join-a-startup,Book an application callBook a Call,/contact,/contact,INTERNAL,200,
/post/skip-the-ladder-join-a-startup,Home,/,/,INTERNAL,200,
/post/skip-the-ladder-join-a-startup,Dreamlab,/blog,/blog,INTERNAL,200,
/post/skip-the-ladder-join-a-startup,Pricing,/packages,/packages,INTERNAL,200,
/post/skip-the-ladder-join-a-startup,Altify,/work/altify,/work/altify,INTERNAL,200,
/post/skip-the-ladder-join-a-startup,Circuit,/work/circuit,/work/circuit,INTERNAL,200,
/post/skip-the-ladder-join-a-startup,Oxipack,/work/oxipack,/work/oxipack,INTERNAL,200,
/post/skip-the-ladder-join-a-startup,,/post/how-to-not-suck-at-job-applications,/post/how-to-not-suck-at-job-applications,INTERNAL,200,
/post/skip-the-ladder-join-a-startup,How to not suck at job applications,/post/how-to-not-suck-at-job-applications,/post/how-to-not-suck-at-job-applications,INTERNAL,200,
/post/skip-the-ladder-join-a-startup,Read full article→,/post/how-to-not-suck-at-job-applications,/post/how-to-not-suck-at-job-applications,INTERNAL,200,
/post/skip-the-ladder-join-a-startup,,/post/fresh-out-of-college-now-what,/post/fresh-out-of-college-now-what,INTERNAL,200,
/post/skip-the-ladder-join-a-startup,Fresh Out of College… Now What?,/post/fresh-out-of-college-now-what,/post/fresh-out-of-college-now-what,INTERNAL,200,
/post/skip-the-ladder-join-a-startup,Read full article→,/post/fresh-out-of-college-now-what,/post/fresh-out-of-college-now-what,INTERNAL,200,
/post/skip-the-ladder-join-a-startup,,/post/for-professionals-by-professionals,/post/for-professionals-by-professionals,INTERNAL,200,
/post/skip-the-ladder-join-a-startup,"For Professionals, By Professionals",/post/for-professionals-by-professionals,/post/for-professionals-by-professionals,INTERNAL,200,
/post/skip-the-ladder-join-a-startup,Read full article→,/post/for-professionals-by-professionals,/post/for-professionals-by-professionals,INTERNAL,200,
/post/skip-the-ladder-join-a-startup,About,/about,/about,INTERNAL,200,
/post/skip-the-ladder-join-a-startup,What we do,/#what-we-do,/,INTERNAL,200,
/post/skip-the-ladder-join-a-startup,Work / Case studies,/work,/work,INTERNAL,200,
/post/skip-the-ladder-join-a-startup,Brand Credibility Scorecard,/scorecard,/scorecard,INTERNAL,200,
/post/skip-the-ladder-join-a-startup,Contact,/contact,/contact,INTERNAL,200,
/post/skip-the-ladder-join-a-startup,LinkedIn,https://www.linkedin.com/company/nexubis/,,EXTERNAL,,
/post/skip-the-ladder-join-a-startup,Instagram,https://www.instagram.com/nexubis.design/,,EXTERNAL,,
/post/solve-the-boring-problem-first,,/,/,INTERNAL,200,
/post/solve-the-boring-problem-first,Altify,/work/altify,/work/altify,INTERNAL,200,
/post/solve-the-boring-problem-first,Circuit,/work/circuit,/work/circuit,INTERNAL,200,
/post/solve-the-boring-problem-first,Oxipack,/work/oxipack,/work/oxipack,INTERNAL,200,
/post/solve-the-boring-problem-first,Packages,/packages,/packages,INTERNAL,200,
/post/solve-the-boring-problem-first,Dreamlab,/blog,/blog,INTERNAL,200,
/post/solve-the-boring-problem-first,Book an application callBook a Call,/contact,/contact,INTERNAL,200,
/post/solve-the-boring-problem-first,Home,/,/,INTERNAL,200,
/post/solve-the-boring-problem-first,Dreamlab,/blog,/blog,INTERNAL,200,
/post/solve-the-boring-problem-first,Pricing,/packages,/packages,INTERNAL,200,
/post/solve-the-boring-problem-first,Altify,/work/altify,/work/altify,INTERNAL,200,
/post/solve-the-boring-problem-first,Circuit,/work/circuit,/work/circuit,INTERNAL,200,
/post/solve-the-boring-problem-first,Oxipack,/work/oxipack,/work/oxipack,INTERNAL,200,
/post/solve-the-boring-problem-first,,/post/metamorphosis,/post/metamorphosis,INTERNAL,200,
/post/solve-the-boring-problem-first,Metamorphosis,/post/metamorphosis,/post/metamorphosis,INTERNAL,200,
/post/solve-the-boring-problem-first,Read full article→,/post/metamorphosis,/post/metamorphosis,INTERNAL,200,
/post/solve-the-boring-problem-first,,/post/beyond-the-eu30-000,/post/beyond-the-eu30-000,INTERNAL,200,
/post/solve-the-boring-problem-first,Beyond the €30 000,/post/beyond-the-eu30-000,/post/beyond-the-eu30-000,INTERNAL,200,
/post/solve-the-boring-problem-first,Read full article→,/post/beyond-the-eu30-000,/post/beyond-the-eu30-000,INTERNAL,200,
/post/solve-the-boring-problem-first,,/post/the-cost-of-refusing-to-adapt,/post/the-cost-of-refusing-to-adapt,INTERNAL,200,
/post/solve-the-boring-problem-first,The Cost of Refusing to Adapt,/post/the-cost-of-refusing-to-adapt,/post/the-cost-of-refusing-to-adapt,INTERNAL,200,
/post/solve-the-boring-problem-first,Read full article→,/post/the-cost-of-refusing-to-adapt,/post/the-cost-of-refusing-to-adapt,INTERNAL,200,
/post/solve-the-boring-problem-first,About,/about,/about,INTERNAL,200,
/post/solve-the-boring-problem-first,What we do,/#what-we-do,/,INTERNAL,200,
/post/solve-the-boring-problem-first,Work / Case studies,/work,/work,INTERNAL,200,
/post/solve-the-boring-problem-first,Brand Credibility Scorecard,/scorecard,/scorecard,INTERNAL,200,
/post/solve-the-boring-problem-first,Contact,/contact,/contact,INTERNAL,200,
/post/solve-the-boring-problem-first,LinkedIn,https://www.linkedin.com/company/nexubis/,,EXTERNAL,,
/post/solve-the-boring-problem-first,Instagram,https://www.instagram.com/nexubis.design/,,EXTERNAL,,
/post/startups-arent-a-family,,/,/,INTERNAL,200,
/post/startups-arent-a-family,Altify,/work/altify,/work/altify,INTERNAL,200,
/post/startups-arent-a-family,Circuit,/work/circuit,/work/circuit,INTERNAL,200,
/post/startups-arent-a-family,Oxipack,/work/oxipack,/work/oxipack,INTERNAL,200,
/post/startups-arent-a-family,Packages,/packages,/packages,INTERNAL,200,
/post/startups-arent-a-family,Dreamlab,/blog,/blog,INTERNAL,200,
/post/startups-arent-a-family,Book an application callBook a Call,/contact,/contact,INTERNAL,200,
/post/startups-arent-a-family,Home,/,/,INTERNAL,200,
/post/startups-arent-a-family,Dreamlab,/blog,/blog,INTERNAL,200,
/post/startups-arent-a-family,Pricing,/packages,/packages,INTERNAL,200,
/post/startups-arent-a-family,Altify,/work/altify,/work/altify,INTERNAL,200,
/post/startups-arent-a-family,Circuit,/work/circuit,/work/circuit,INTERNAL,200,
/post/startups-arent-a-family,Oxipack,/work/oxipack,/work/oxipack,INTERNAL,200,
/post/startups-arent-a-family,,/post/metamorphosis,/post/metamorphosis,INTERNAL,200,
/post/startups-arent-a-family,Metamorphosis,/post/metamorphosis,/post/metamorphosis,INTERNAL,200,
/post/startups-arent-a-family,Read full article→,/post/metamorphosis,/post/metamorphosis,INTERNAL,200,
/post/startups-arent-a-family,,/post/beyond-the-eu30-000,/post/beyond-the-eu30-000,INTERNAL,200,
/post/startups-arent-a-family,Beyond the €30 000,/post/beyond-the-eu30-000,/post/beyond-the-eu30-000,INTERNAL,200,
/post/startups-arent-a-family,Read full article→,/post/beyond-the-eu30-000,/post/beyond-the-eu30-000,INTERNAL,200,
/post/startups-arent-a-family,,/post/the-cost-of-refusing-to-adapt,/post/the-cost-of-refusing-to-adapt,INTERNAL,200,
/post/startups-arent-a-family,The Cost of Refusing to Adapt,/post/the-cost-of-refusing-to-adapt,/post/the-cost-of-refusing-to-adapt,INTERNAL,200,
/post/startups-arent-a-family,Read full article→,/post/the-cost-of-refusing-to-adapt,/post/the-cost-of-refusing-to-adapt,INTERNAL,200,
/post/startups-arent-a-family,About,/about,/about,INTERNAL,200,
/post/startups-arent-a-family,What we do,/#what-we-do,/,INTERNAL,200,
/post/startups-arent-a-family,Work / Case studies,/work,/work,INTERNAL,200,
/post/startups-arent-a-family,Brand Credibility Scorecard,/scorecard,/scorecard,INTERNAL,200,
/post/startups-arent-a-family,Contact,/contact,/contact,INTERNAL,200,
/post/startups-arent-a-family,LinkedIn,https://www.linkedin.com/company/nexubis/,,EXTERNAL,,
/post/startups-arent-a-family,Instagram,https://www.instagram.com/nexubis.design/,,EXTERNAL,,
/post/startups-dont-need-more-features,,/,/,INTERNAL,200,
/post/startups-dont-need-more-features,Altify,/work/altify,/work/altify,INTERNAL,200,
/post/startups-dont-need-more-features,Circuit,/work/circuit,/work/circuit,INTERNAL,200,
/post/startups-dont-need-more-features,Oxipack,/work/oxipack,/work/oxipack,INTERNAL,200,
/post/startups-dont-need-more-features,Packages,/packages,/packages,INTERNAL,200,
/post/startups-dont-need-more-features,Dreamlab,/blog,/blog,INTERNAL,200,
/post/startups-dont-need-more-features,Book an application callBook a Call,/contact,/contact,INTERNAL,200,
/post/startups-dont-need-more-features,Home,/,/,INTERNAL,200,
/post/startups-dont-need-more-features,Dreamlab,/blog,/blog,INTERNAL,200,
/post/startups-dont-need-more-features,Pricing,/packages,/packages,INTERNAL,200,
/post/startups-dont-need-more-features,Altify,/work/altify,/work/altify,INTERNAL,200,
/post/startups-dont-need-more-features,Circuit,/work/circuit,/work/circuit,INTERNAL,200,
/post/startups-dont-need-more-features,Oxipack,/work/oxipack,/work/oxipack,INTERNAL,200,
/post/startups-dont-need-more-features,If it ain’t broke — refine it.,/post/if-it-aint-broke-refine-it,/post/if-it-aint-broke-refine-it,INTERNAL,200,
/post/startups-dont-need-more-features,,/post/metamorphosis,/post/metamorphosis,INTERNAL,200,
/post/startups-dont-need-more-features,Metamorphosis,/post/metamorphosis,/post/metamorphosis,INTERNAL,200,
/post/startups-dont-need-more-features,Read full article→,/post/metamorphosis,/post/metamorphosis,INTERNAL,200,
/post/startups-dont-need-more-features,,/post/beyond-the-eu30-000,/post/beyond-the-eu30-000,INTERNAL,200,
/post/startups-dont-need-more-features,Beyond the €30 000,/post/beyond-the-eu30-000,/post/beyond-the-eu30-000,INTERNAL,200,
/post/startups-dont-need-more-features,Read full article→,/post/beyond-the-eu30-000,/post/beyond-the-eu30-000,INTERNAL,200,
/post/startups-dont-need-more-features,,/post/the-cost-of-refusing-to-adapt,/post/the-cost-of-refusing-to-adapt,INTERNAL,200,
/post/startups-dont-need-more-features,The Cost of Refusing to Adapt,/post/the-cost-of-refusing-to-adapt,/post/the-cost-of-refusing-to-adapt,INTERNAL,200,
/post/startups-dont-need-more-features,Read full article→,/post/the-cost-of-refusing-to-adapt,/post/the-cost-of-refusing-to-adapt,INTERNAL,200,
/post/startups-dont-need-more-features,About,/about,/about,INTERNAL,200,
/post/startups-dont-need-more-features,What we do,/#what-we-do,/,INTERNAL,200,
/post/startups-dont-need-more-features,Work / Case studies,/work,/work,INTERNAL,200,
/post/startups-dont-need-more-features,Brand Credibility Scorecard,/scorecard,/scorecard,INTERNAL,200,
/post/startups-dont-need-more-features,Contact,/contact,/contact,INTERNAL,200,
/post/startups-dont-need-more-features,LinkedIn,https://www.linkedin.com/company/nexubis/,,EXTERNAL,,
/post/startups-dont-need-more-features,Instagram,https://www.instagram.com/nexubis.design/,,EXTERNAL,,
/post/stop-selling-time-start-delivering-value,,/,/,INTERNAL,200,
/post/stop-selling-time-start-delivering-value,Altify,/work/altify,/work/altify,INTERNAL,200,
/post/stop-selling-time-start-delivering-value,Circuit,/work/circuit,/work/circuit,INTERNAL,200,
/post/stop-selling-time-start-delivering-value,Oxipack,/work/oxipack,/work/oxipack,INTERNAL,200,
/post/stop-selling-time-start-delivering-value,Packages,/packages,/packages,INTERNAL,200,
/post/stop-selling-time-start-delivering-value,Dreamlab,/blog,/blog,INTERNAL,200,
/post/stop-selling-time-start-delivering-value,Book an application callBook a Call,/contact,/contact,INTERNAL,200,
/post/stop-selling-time-start-delivering-value,Home,/,/,INTERNAL,200,
/post/stop-selling-time-start-delivering-value,Dreamlab,/blog,/blog,INTERNAL,200,
/post/stop-selling-time-start-delivering-value,Pricing,/packages,/packages,INTERNAL,200,
/post/stop-selling-time-start-delivering-value,Altify,/work/altify,/work/altify,INTERNAL,200,
/post/stop-selling-time-start-delivering-value,Circuit,/work/circuit,/work/circuit,INTERNAL,200,
/post/stop-selling-time-start-delivering-value,Oxipack,/work/oxipack,/work/oxipack,INTERNAL,200,
/post/stop-selling-time-start-delivering-value,Referral Program →,/post/the-nexubis-referral-program,/post/the-nexubis-referral-program,INTERNAL,200,
/post/stop-selling-time-start-delivering-value,,/post/the-nexubis-effect,/post/the-nexubis-effect,INTERNAL,200,
/post/stop-selling-time-start-delivering-value,The Nexubis Effect,/post/the-nexubis-effect,/post/the-nexubis-effect,INTERNAL,200,
/post/stop-selling-time-start-delivering-value,Read full article→,/post/the-nexubis-effect,/post/the-nexubis-effect,INTERNAL,200,
/post/stop-selling-time-start-delivering-value,,/post/the-flex-package,/post/the-flex-package,INTERNAL,200,
/post/stop-selling-time-start-delivering-value,The Flex Package,/post/the-flex-package,/post/the-flex-package,INTERNAL,200,
/post/stop-selling-time-start-delivering-value,Read full article→,/post/the-flex-package,/post/the-flex-package,INTERNAL,200,
/post/stop-selling-time-start-delivering-value,,/post/rethinking-the-nexubis-trial,/post/rethinking-the-nexubis-trial,INTERNAL,200,
/post/stop-selling-time-start-delivering-value,Rethinking the Nexubis Trial,/post/rethinking-the-nexubis-trial,/post/rethinking-the-nexubis-trial,INTERNAL,200,
/post/stop-selling-time-start-delivering-value,Read full article→,/post/rethinking-the-nexubis-trial,/post/rethinking-the-nexubis-trial,INTERNAL,200,
/post/stop-selling-time-start-delivering-value,About,/about,/about,INTERNAL,200,
/post/stop-selling-time-start-delivering-value,What we do,/#what-we-do,/,INTERNAL,200,
/post/stop-selling-time-start-delivering-value,Work / Case studies,/work,/work,INTERNAL,200,
/post/stop-selling-time-start-delivering-value,Brand Credibility Scorecard,/scorecard,/scorecard,INTERNAL,200,
/post/stop-selling-time-start-delivering-value,Contact,/contact,/contact,INTERNAL,200,
/post/stop-selling-time-start-delivering-value,LinkedIn,https://www.linkedin.com/company/nexubis/,,EXTERNAL,,
/post/stop-selling-time-start-delivering-value,Instagram,https://www.instagram.com/nexubis.design/,,EXTERNAL,,
/post/straight-line-thinking,,/,/,INTERNAL,200,
/post/straight-line-thinking,Altify,/work/altify,/work/altify,INTERNAL,200,
/post/straight-line-thinking,Circuit,/work/circuit,/work/circuit,INTERNAL,200,
/post/straight-line-thinking,Oxipack,/work/oxipack,/work/oxipack,INTERNAL,200,
/post/straight-line-thinking,Packages,/packages,/packages,INTERNAL,200,
/post/straight-line-thinking,Dreamlab,/blog,/blog,INTERNAL,200,
/post/straight-line-thinking,Book an application callBook a Call,/contact,/contact,INTERNAL,200,
/post/straight-line-thinking,Home,/,/,INTERNAL,200,
/post/straight-line-thinking,Dreamlab,/blog,/blog,INTERNAL,200,
/post/straight-line-thinking,Pricing,/packages,/packages,INTERNAL,200,
/post/straight-line-thinking,Altify,/work/altify,/work/altify,INTERNAL,200,
/post/straight-line-thinking,Circuit,/work/circuit,/work/circuit,INTERNAL,200,
/post/straight-line-thinking,Oxipack,/work/oxipack,/work/oxipack,INTERNAL,200,
/post/straight-line-thinking,,/post/metamorphosis,/post/metamorphosis,INTERNAL,200,
/post/straight-line-thinking,Metamorphosis,/post/metamorphosis,/post/metamorphosis,INTERNAL,200,
/post/straight-line-thinking,Read full article→,/post/metamorphosis,/post/metamorphosis,INTERNAL,200,
/post/straight-line-thinking,,/post/beyond-the-eu30-000,/post/beyond-the-eu30-000,INTERNAL,200,
/post/straight-line-thinking,Beyond the €30 000,/post/beyond-the-eu30-000,/post/beyond-the-eu30-000,INTERNAL,200,
/post/straight-line-thinking,Read full article→,/post/beyond-the-eu30-000,/post/beyond-the-eu30-000,INTERNAL,200,
/post/straight-line-thinking,,/post/the-cost-of-refusing-to-adapt,/post/the-cost-of-refusing-to-adapt,INTERNAL,200,
/post/straight-line-thinking,The Cost of Refusing to Adapt,/post/the-cost-of-refusing-to-adapt,/post/the-cost-of-refusing-to-adapt,INTERNAL,200,
/post/straight-line-thinking,Read full article→,/post/the-cost-of-refusing-to-adapt,/post/the-cost-of-refusing-to-adapt,INTERNAL,200,
/post/straight-line-thinking,About,/about,/about,INTERNAL,200,
/post/straight-line-thinking,What we do,/#what-we-do,/,INTERNAL,200,
/post/straight-line-thinking,Work / Case studies,/work,/work,INTERNAL,200,
/post/straight-line-thinking,Brand Credibility Scorecard,/scorecard,/scorecard,INTERNAL,200,
/post/straight-line-thinking,Contact,/contact,/contact,INTERNAL,200,
/post/straight-line-thinking,LinkedIn,https://www.linkedin.com/company/nexubis/,,EXTERNAL,,
/post/straight-line-thinking,Instagram,https://www.instagram.com/nexubis.design/,,EXTERNAL,,
/post/striving-for-culinary-perfection,,/,/,INTERNAL,200,
/post/striving-for-culinary-perfection,Altify,/work/altify,/work/altify,INTERNAL,200,
/post/striving-for-culinary-perfection,Circuit,/work/circuit,/work/circuit,INTERNAL,200,
/post/striving-for-culinary-perfection,Oxipack,/work/oxipack,/work/oxipack,INTERNAL,200,
/post/striving-for-culinary-perfection,Packages,/packages,/packages,INTERNAL,200,
/post/striving-for-culinary-perfection,Dreamlab,/blog,/blog,INTERNAL,200,
/post/striving-for-culinary-perfection,Book an application callBook a Call,/contact,/contact,INTERNAL,200,
/post/striving-for-culinary-perfection,Home,/,/,INTERNAL,200,
/post/striving-for-culinary-perfection,Dreamlab,/blog,/blog,INTERNAL,200,
/post/striving-for-culinary-perfection,Pricing,/packages,/packages,INTERNAL,200,
/post/striving-for-culinary-perfection,Altify,/work/altify,/work/altify,INTERNAL,200,
/post/striving-for-culinary-perfection,Circuit,/work/circuit,/work/circuit,INTERNAL,200,
/post/striving-for-culinary-perfection,Oxipack,/work/oxipack,/work/oxipack,INTERNAL,200,
/post/striving-for-culinary-perfection,,/post/metamorphosis,/post/metamorphosis,INTERNAL,200,
/post/striving-for-culinary-perfection,Metamorphosis,/post/metamorphosis,/post/metamorphosis,INTERNAL,200,
/post/striving-for-culinary-perfection,Read full article→,/post/metamorphosis,/post/metamorphosis,INTERNAL,200,
/post/striving-for-culinary-perfection,,/post/beyond-the-eu30-000,/post/beyond-the-eu30-000,INTERNAL,200,
/post/striving-for-culinary-perfection,Beyond the €30 000,/post/beyond-the-eu30-000,/post/beyond-the-eu30-000,INTERNAL,200,
/post/striving-for-culinary-perfection,Read full article→,/post/beyond-the-eu30-000,/post/beyond-the-eu30-000,INTERNAL,200,
/post/striving-for-culinary-perfection,,/post/the-cost-of-refusing-to-adapt,/post/the-cost-of-refusing-to-adapt,INTERNAL,200,
/post/striving-for-culinary-perfection,The Cost of Refusing to Adapt,/post/the-cost-of-refusing-to-adapt,/post/the-cost-of-refusing-to-adapt,INTERNAL,200,
/post/striving-for-culinary-perfection,Read full article→,/post/the-cost-of-refusing-to-adapt,/post/the-cost-of-refusing-to-adapt,INTERNAL,200,
/post/striving-for-culinary-perfection,About,/about,/about,INTERNAL,200,
/post/striving-for-culinary-perfection,What we do,/#what-we-do,/,INTERNAL,200,
/post/striving-for-culinary-perfection,Work / Case studies,/work,/work,INTERNAL,200,
/post/striving-for-culinary-perfection,Brand Credibility Scorecard,/scorecard,/scorecard,INTERNAL,200,
/post/striving-for-culinary-perfection,Contact,/contact,/contact,INTERNAL,200,
/post/striving-for-culinary-perfection,LinkedIn,https://www.linkedin.com/company/nexubis/,,EXTERNAL,,
/post/striving-for-culinary-perfection,Instagram,https://www.instagram.com/nexubis.design/,,EXTERNAL,,
/post/the-age-of-agi,,/,/,INTERNAL,200,
/post/the-age-of-agi,Altify,/work/altify,/work/altify,INTERNAL,200,
/post/the-age-of-agi,Circuit,/work/circuit,/work/circuit,INTERNAL,200,
/post/the-age-of-agi,Oxipack,/work/oxipack,/work/oxipack,INTERNAL,200,
/post/the-age-of-agi,Packages,/packages,/packages,INTERNAL,200,
/post/the-age-of-agi,Dreamlab,/blog,/blog,INTERNAL,200,
/post/the-age-of-agi,Book an application callBook a Call,/contact,/contact,INTERNAL,200,
/post/the-age-of-agi,Home,/,/,INTERNAL,200,
/post/the-age-of-agi,Dreamlab,/blog,/blog,INTERNAL,200,
/post/the-age-of-agi,Pricing,/packages,/packages,INTERNAL,200,
/post/the-age-of-agi,Altify,/work/altify,/work/altify,INTERNAL,200,
/post/the-age-of-agi,Circuit,/work/circuit,/work/circuit,INTERNAL,200,
/post/the-age-of-agi,Oxipack,/work/oxipack,/work/oxipack,INTERNAL,200,
/post/the-age-of-agi,The New Creative Stack,/post/the-new-creative-stack,/post/the-new-creative-stack,INTERNAL,200,
/post/the-age-of-agi,Automation is Not the Enemy,/post/automation-is-not-the-enemy,/post/automation-is-not-the-enemy,INTERNAL,200,
/post/the-age-of-agi,You’re Not Ready for What’s Coming,/post/youre-not-ready-for-whats-coming,/post/youre-not-ready-for-whats-coming,INTERNAL,200,
/post/the-age-of-agi,,/post/ai-is-not-a-phase-its-an-era,/post/ai-is-not-a-phase-its-an-era,INTERNAL,200,
/post/the-age-of-agi,AI Is Not a Phase. It's an Era.,/post/ai-is-not-a-phase-its-an-era,/post/ai-is-not-a-phase-its-an-era,INTERNAL,200,
/post/the-age-of-agi,Read full article→,/post/ai-is-not-a-phase-its-an-era,/post/ai-is-not-a-phase-its-an-era,INTERNAL,200,
/post/the-age-of-agi,,/post/the-personal-belief-vs-ai-paradox,/post/the-personal-belief-vs-ai-paradox,INTERNAL,200,
/post/the-age-of-agi,The Personal Belief vs. AI Paradox,/post/the-personal-belief-vs-ai-paradox,/post/the-personal-belief-vs-ai-paradox,INTERNAL,200,
/post/the-age-of-agi,Read full article→,/post/the-personal-belief-vs-ai-paradox,/post/the-personal-belief-vs-ai-paradox,INTERNAL,200,
/post/the-age-of-agi,,/post/the-builders-will-survive,/post/the-builders-will-survive,INTERNAL,200,
/post/the-age-of-agi,The Builders Will Survive,/post/the-builders-will-survive,/post/the-builders-will-survive,INTERNAL,200,
/post/the-age-of-agi,Read full article→,/post/the-builders-will-survive,/post/the-builders-will-survive,INTERNAL,200,
/post/the-age-of-agi,About,/about,/about,INTERNAL,200,
/post/the-age-of-agi,What we do,/#what-we-do,/,INTERNAL,200,
/post/the-age-of-agi,Work / Case studies,/work,/work,INTERNAL,200,
/post/the-age-of-agi,Brand Credibility Scorecard,/scorecard,/scorecard,INTERNAL,200,
/post/the-age-of-agi,Contact,/contact,/contact,INTERNAL,200,
/post/the-age-of-agi,LinkedIn,https://www.linkedin.com/company/nexubis/,,EXTERNAL,,
/post/the-age-of-agi,Instagram,https://www.instagram.com/nexubis.design/,,EXTERNAL,,
/post/the-biggest-risk-playing-it-safe,,/,/,INTERNAL,200,
/post/the-biggest-risk-playing-it-safe,Altify,/work/altify,/work/altify,INTERNAL,200,
/post/the-biggest-risk-playing-it-safe,Circuit,/work/circuit,/work/circuit,INTERNAL,200,
/post/the-biggest-risk-playing-it-safe,Oxipack,/work/oxipack,/work/oxipack,INTERNAL,200,
/post/the-biggest-risk-playing-it-safe,Packages,/packages,/packages,INTERNAL,200,
/post/the-biggest-risk-playing-it-safe,Dreamlab,/blog,/blog,INTERNAL,200,
/post/the-biggest-risk-playing-it-safe,Book an application callBook a Call,/contact,/contact,INTERNAL,200,
/post/the-biggest-risk-playing-it-safe,Home,/,/,INTERNAL,200,
/post/the-biggest-risk-playing-it-safe,Dreamlab,/blog,/blog,INTERNAL,200,
/post/the-biggest-risk-playing-it-safe,Pricing,/packages,/packages,INTERNAL,200,
/post/the-biggest-risk-playing-it-safe,Altify,/work/altify,/work/altify,INTERNAL,200,
/post/the-biggest-risk-playing-it-safe,Circuit,/work/circuit,/work/circuit,INTERNAL,200,
/post/the-biggest-risk-playing-it-safe,Oxipack,/work/oxipack,/work/oxipack,INTERNAL,200,
/post/the-biggest-risk-playing-it-safe,,/post/metamorphosis,/post/metamorphosis,INTERNAL,200,
/post/the-biggest-risk-playing-it-safe,Metamorphosis,/post/metamorphosis,/post/metamorphosis,INTERNAL,200,
/post/the-biggest-risk-playing-it-safe,Read full article→,/post/metamorphosis,/post/metamorphosis,INTERNAL,200,
/post/the-biggest-risk-playing-it-safe,,/post/beyond-the-eu30-000,/post/beyond-the-eu30-000,INTERNAL,200,
/post/the-biggest-risk-playing-it-safe,Beyond the €30 000,/post/beyond-the-eu30-000,/post/beyond-the-eu30-000,INTERNAL,200,
/post/the-biggest-risk-playing-it-safe,Read full article→,/post/beyond-the-eu30-000,/post/beyond-the-eu30-000,INTERNAL,200,
/post/the-biggest-risk-playing-it-safe,,/post/the-cost-of-refusing-to-adapt,/post/the-cost-of-refusing-to-adapt,INTERNAL,200,
/post/the-biggest-risk-playing-it-safe,The Cost of Refusing to Adapt,/post/the-cost-of-refusing-to-adapt,/post/the-cost-of-refusing-to-adapt,INTERNAL,200,
/post/the-biggest-risk-playing-it-safe,Read full article→,/post/the-cost-of-refusing-to-adapt,/post/the-cost-of-refusing-to-adapt,INTERNAL,200,
/post/the-biggest-risk-playing-it-safe,About,/about,/about,INTERNAL,200,
/post/the-biggest-risk-playing-it-safe,What we do,/#what-we-do,/,INTERNAL,200,
/post/the-biggest-risk-playing-it-safe,Work / Case studies,/work,/work,INTERNAL,200,
/post/the-biggest-risk-playing-it-safe,Brand Credibility Scorecard,/scorecard,/scorecard,INTERNAL,200,
/post/the-biggest-risk-playing-it-safe,Contact,/contact,/contact,INTERNAL,200,
/post/the-biggest-risk-playing-it-safe,LinkedIn,https://www.linkedin.com/company/nexubis/,,EXTERNAL,,
/post/the-biggest-risk-playing-it-safe,Instagram,https://www.instagram.com/nexubis.design/,,EXTERNAL,,
/post/the-builders-will-survive,,/,/,INTERNAL,200,
/post/the-builders-will-survive,Altify,/work/altify,/work/altify,INTERNAL,200,
/post/the-builders-will-survive,Circuit,/work/circuit,/work/circuit,INTERNAL,200,
/post/the-builders-will-survive,Oxipack,/work/oxipack,/work/oxipack,INTERNAL,200,
/post/the-builders-will-survive,Packages,/packages,/packages,INTERNAL,200,
/post/the-builders-will-survive,Dreamlab,/blog,/blog,INTERNAL,200,
/post/the-builders-will-survive,Book an application callBook a Call,/contact,/contact,INTERNAL,200,
/post/the-builders-will-survive,Home,/,/,INTERNAL,200,
/post/the-builders-will-survive,Dreamlab,/blog,/blog,INTERNAL,200,
/post/the-builders-will-survive,Pricing,/packages,/packages,INTERNAL,200,
/post/the-builders-will-survive,Altify,/work/altify,/work/altify,INTERNAL,200,
/post/the-builders-will-survive,Circuit,/work/circuit,/work/circuit,INTERNAL,200,
/post/the-builders-will-survive,Oxipack,/work/oxipack,/work/oxipack,INTERNAL,200,
/post/the-builders-will-survive,The New Creative Stack,/post/the-new-creative-stack,/post/the-new-creative-stack,INTERNAL,200,
/post/the-builders-will-survive,Automation is Not the Enemy,/post/automation-is-not-the-enemy,/post/automation-is-not-the-enemy,INTERNAL,200,
/post/the-builders-will-survive,You’re Not Ready for What’s Coming,/post/youre-not-ready-for-whats-coming,/post/youre-not-ready-for-whats-coming,INTERNAL,200,
/post/the-builders-will-survive,The Age of AGI,/post/the-age-of-agi,/post/the-age-of-agi,INTERNAL,200,
/post/the-builders-will-survive,,/post/ai-is-not-a-phase-its-an-era,/post/ai-is-not-a-phase-its-an-era,INTERNAL,200,
/post/the-builders-will-survive,AI Is Not a Phase. It's an Era.,/post/ai-is-not-a-phase-its-an-era,/post/ai-is-not-a-phase-its-an-era,INTERNAL,200,
/post/the-builders-will-survive,Read full article→,/post/ai-is-not-a-phase-its-an-era,/post/ai-is-not-a-phase-its-an-era,INTERNAL,200,
/post/the-builders-will-survive,,/post/the-personal-belief-vs-ai-paradox,/post/the-personal-belief-vs-ai-paradox,INTERNAL,200,
/post/the-builders-will-survive,The Personal Belief vs. AI Paradox,/post/the-personal-belief-vs-ai-paradox,/post/the-personal-belief-vs-ai-paradox,INTERNAL,200,
/post/the-builders-will-survive,Read full article→,/post/the-personal-belief-vs-ai-paradox,/post/the-personal-belief-vs-ai-paradox,INTERNAL,200,
/post/the-builders-will-survive,,/post/the-age-of-agi,/post/the-age-of-agi,INTERNAL,200,
/post/the-builders-will-survive,The Age of AGI,/post/the-age-of-agi,/post/the-age-of-agi,INTERNAL,200,
/post/the-builders-will-survive,Read full article→,/post/the-age-of-agi,/post/the-age-of-agi,INTERNAL,200,
/post/the-builders-will-survive,About,/about,/about,INTERNAL,200,
/post/the-builders-will-survive,What we do,/#what-we-do,/,INTERNAL,200,
/post/the-builders-will-survive,Work / Case studies,/work,/work,INTERNAL,200,
/post/the-builders-will-survive,Brand Credibility Scorecard,/scorecard,/scorecard,INTERNAL,200,
/post/the-builders-will-survive,Contact,/contact,/contact,INTERNAL,200,
/post/the-builders-will-survive,LinkedIn,https://www.linkedin.com/company/nexubis/,,EXTERNAL,,
/post/the-builders-will-survive,Instagram,https://www.instagram.com/nexubis.design/,,EXTERNAL,,
/post/the-butterfly-effect,,/,/,INTERNAL,200,
/post/the-butterfly-effect,Altify,/work/altify,/work/altify,INTERNAL,200,
/post/the-butterfly-effect,Circuit,/work/circuit,/work/circuit,INTERNAL,200,
/post/the-butterfly-effect,Oxipack,/work/oxipack,/work/oxipack,INTERNAL,200,
/post/the-butterfly-effect,Packages,/packages,/packages,INTERNAL,200,
/post/the-butterfly-effect,Dreamlab,/blog,/blog,INTERNAL,200,
/post/the-butterfly-effect,Book an application callBook a Call,/contact,/contact,INTERNAL,200,
/post/the-butterfly-effect,Home,/,/,INTERNAL,200,
/post/the-butterfly-effect,Dreamlab,/blog,/blog,INTERNAL,200,
/post/the-butterfly-effect,Pricing,/packages,/packages,INTERNAL,200,
/post/the-butterfly-effect,Altify,/work/altify,/work/altify,INTERNAL,200,
/post/the-butterfly-effect,Circuit,/work/circuit,/work/circuit,INTERNAL,200,
/post/the-butterfly-effect,Oxipack,/work/oxipack,/work/oxipack,INTERNAL,200,
/post/the-butterfly-effect,,/post/metamorphosis,/post/metamorphosis,INTERNAL,200,
/post/the-butterfly-effect,Metamorphosis,/post/metamorphosis,/post/metamorphosis,INTERNAL,200,
/post/the-butterfly-effect,Read full article→,/post/metamorphosis,/post/metamorphosis,INTERNAL,200,
/post/the-butterfly-effect,,/post/beyond-the-eu30-000,/post/beyond-the-eu30-000,INTERNAL,200,
/post/the-butterfly-effect,Beyond the €30 000,/post/beyond-the-eu30-000,/post/beyond-the-eu30-000,INTERNAL,200,
/post/the-butterfly-effect,Read full article→,/post/beyond-the-eu30-000,/post/beyond-the-eu30-000,INTERNAL,200,
/post/the-butterfly-effect,,/post/the-cost-of-refusing-to-adapt,/post/the-cost-of-refusing-to-adapt,INTERNAL,200,
/post/the-butterfly-effect,The Cost of Refusing to Adapt,/post/the-cost-of-refusing-to-adapt,/post/the-cost-of-refusing-to-adapt,INTERNAL,200,
/post/the-butterfly-effect,Read full article→,/post/the-cost-of-refusing-to-adapt,/post/the-cost-of-refusing-to-adapt,INTERNAL,200,
/post/the-butterfly-effect,About,/about,/about,INTERNAL,200,
/post/the-butterfly-effect,What we do,/#what-we-do,/,INTERNAL,200,
/post/the-butterfly-effect,Work / Case studies,/work,/work,INTERNAL,200,
/post/the-butterfly-effect,Brand Credibility Scorecard,/scorecard,/scorecard,INTERNAL,200,
/post/the-butterfly-effect,Contact,/contact,/contact,INTERNAL,200,
/post/the-butterfly-effect,LinkedIn,https://www.linkedin.com/company/nexubis/,,EXTERNAL,,
/post/the-butterfly-effect,Instagram,https://www.instagram.com/nexubis.design/,,EXTERNAL,,
/post/the-cost-of-refusing-to-adapt,,/,/,INTERNAL,200,
/post/the-cost-of-refusing-to-adapt,Altify,/work/altify,/work/altify,INTERNAL,200,
/post/the-cost-of-refusing-to-adapt,Circuit,/work/circuit,/work/circuit,INTERNAL,200,
/post/the-cost-of-refusing-to-adapt,Oxipack,/work/oxipack,/work/oxipack,INTERNAL,200,
/post/the-cost-of-refusing-to-adapt,Packages,/packages,/packages,INTERNAL,200,
/post/the-cost-of-refusing-to-adapt,Dreamlab,/blog,/blog,INTERNAL,200,
/post/the-cost-of-refusing-to-adapt,Book an application callBook a Call,/contact,/contact,INTERNAL,200,
/post/the-cost-of-refusing-to-adapt,Home,/,/,INTERNAL,200,
/post/the-cost-of-refusing-to-adapt,Dreamlab,/blog,/blog,INTERNAL,200,
/post/the-cost-of-refusing-to-adapt,Pricing,/packages,/packages,INTERNAL,200,
/post/the-cost-of-refusing-to-adapt,Altify,/work/altify,/work/altify,INTERNAL,200,
/post/the-cost-of-refusing-to-adapt,Circuit,/work/circuit,/work/circuit,INTERNAL,200,
/post/the-cost-of-refusing-to-adapt,Oxipack,/work/oxipack,/work/oxipack,INTERNAL,200,
/post/the-cost-of-refusing-to-adapt,,/post/metamorphosis,/post/metamorphosis,INTERNAL,200,
/post/the-cost-of-refusing-to-adapt,Metamorphosis,/post/metamorphosis,/post/metamorphosis,INTERNAL,200,
/post/the-cost-of-refusing-to-adapt,Read full article→,/post/metamorphosis,/post/metamorphosis,INTERNAL,200,
/post/the-cost-of-refusing-to-adapt,,/post/beyond-the-eu30-000,/post/beyond-the-eu30-000,INTERNAL,200,
/post/the-cost-of-refusing-to-adapt,Beyond the €30 000,/post/beyond-the-eu30-000,/post/beyond-the-eu30-000,INTERNAL,200,
/post/the-cost-of-refusing-to-adapt,Read full article→,/post/beyond-the-eu30-000,/post/beyond-the-eu30-000,INTERNAL,200,
/post/the-cost-of-refusing-to-adapt,,/post/the-gold-bar-theory,/post/the-gold-bar-theory,INTERNAL,200,
/post/the-cost-of-refusing-to-adapt,The Gold Bar Theory,/post/the-gold-bar-theory,/post/the-gold-bar-theory,INTERNAL,200,
/post/the-cost-of-refusing-to-adapt,Read full article→,/post/the-gold-bar-theory,/post/the-gold-bar-theory,INTERNAL,200,
/post/the-cost-of-refusing-to-adapt,About,/about,/about,INTERNAL,200,
/post/the-cost-of-refusing-to-adapt,What we do,/#what-we-do,/,INTERNAL,200,
/post/the-cost-of-refusing-to-adapt,Work / Case studies,/work,/work,INTERNAL,200,
/post/the-cost-of-refusing-to-adapt,Brand Credibility Scorecard,/scorecard,/scorecard,INTERNAL,200,
/post/the-cost-of-refusing-to-adapt,Contact,/contact,/contact,INTERNAL,200,
/post/the-cost-of-refusing-to-adapt,LinkedIn,https://www.linkedin.com/company/nexubis/,,EXTERNAL,,
/post/the-cost-of-refusing-to-adapt,Instagram,https://www.instagram.com/nexubis.design/,,EXTERNAL,,
/post/the-discipline-of-quitting,,/,/,INTERNAL,200,
/post/the-discipline-of-quitting,Altify,/work/altify,/work/altify,INTERNAL,200,
/post/the-discipline-of-quitting,Circuit,/work/circuit,/work/circuit,INTERNAL,200,
/post/the-discipline-of-quitting,Oxipack,/work/oxipack,/work/oxipack,INTERNAL,200,
/post/the-discipline-of-quitting,Packages,/packages,/packages,INTERNAL,200,
/post/the-discipline-of-quitting,Dreamlab,/blog,/blog,INTERNAL,200,
/post/the-discipline-of-quitting,Book an application callBook a Call,/contact,/contact,INTERNAL,200,
/post/the-discipline-of-quitting,Home,/,/,INTERNAL,200,
/post/the-discipline-of-quitting,Dreamlab,/blog,/blog,INTERNAL,200,
/post/the-discipline-of-quitting,Pricing,/packages,/packages,INTERNAL,200,
/post/the-discipline-of-quitting,Altify,/work/altify,/work/altify,INTERNAL,200,
/post/the-discipline-of-quitting,Circuit,/work/circuit,/work/circuit,INTERNAL,200,
/post/the-discipline-of-quitting,Oxipack,/work/oxipack,/work/oxipack,INTERNAL,200,
/post/the-discipline-of-quitting,So I fired myself.,/post/keep-firing-yourself-part-2,/post/keep-firing-yourself-part-2,INTERNAL,200,
/post/the-discipline-of-quitting,quit hourly billing.,/post/stop-selling-time-start-delivering-value,/post/stop-selling-time-start-delivering-value,INTERNAL,200,
/post/the-discipline-of-quitting,Promote faster. Fire faster.,/post/fire-faster-promote-faster,/post/fire-faster-promote-faster,INTERNAL,200,
/post/the-discipline-of-quitting,So I pressed pause.,/post/press-pause,/post/press-pause,INTERNAL,200,
/post/the-discipline-of-quitting,,/post/metamorphosis,/post/metamorphosis,INTERNAL,200,
/post/the-discipline-of-quitting,Metamorphosis,/post/metamorphosis,/post/metamorphosis,INTERNAL,200,
/post/the-discipline-of-quitting,Read full article→,/post/metamorphosis,/post/metamorphosis,INTERNAL,200,
/post/the-discipline-of-quitting,,/post/beyond-the-eu30-000,/post/beyond-the-eu30-000,INTERNAL,200,
/post/the-discipline-of-quitting,Beyond the €30 000,/post/beyond-the-eu30-000,/post/beyond-the-eu30-000,INTERNAL,200,
/post/the-discipline-of-quitting,Read full article→,/post/beyond-the-eu30-000,/post/beyond-the-eu30-000,INTERNAL,200,
/post/the-discipline-of-quitting,,/post/the-cost-of-refusing-to-adapt,/post/the-cost-of-refusing-to-adapt,INTERNAL,200,
/post/the-discipline-of-quitting,The Cost of Refusing to Adapt,/post/the-cost-of-refusing-to-adapt,/post/the-cost-of-refusing-to-adapt,INTERNAL,200,
/post/the-discipline-of-quitting,Read full article→,/post/the-cost-of-refusing-to-adapt,/post/the-cost-of-refusing-to-adapt,INTERNAL,200,
/post/the-discipline-of-quitting,About,/about,/about,INTERNAL,200,
/post/the-discipline-of-quitting,What we do,/#what-we-do,/,INTERNAL,200,
/post/the-discipline-of-quitting,Work / Case studies,/work,/work,INTERNAL,200,
/post/the-discipline-of-quitting,Brand Credibility Scorecard,/scorecard,/scorecard,INTERNAL,200,
/post/the-discipline-of-quitting,Contact,/contact,/contact,INTERNAL,200,
/post/the-discipline-of-quitting,LinkedIn,https://www.linkedin.com/company/nexubis/,,EXTERNAL,,
/post/the-discipline-of-quitting,Instagram,https://www.instagram.com/nexubis.design/,,EXTERNAL,,
/post/the-disruption,,/,/,INTERNAL,200,
/post/the-disruption,Altify,/work/altify,/work/altify,INTERNAL,200,
/post/the-disruption,Circuit,/work/circuit,/work/circuit,INTERNAL,200,
/post/the-disruption,Oxipack,/work/oxipack,/work/oxipack,INTERNAL,200,
/post/the-disruption,Packages,/packages,/packages,INTERNAL,200,
/post/the-disruption,Dreamlab,/blog,/blog,INTERNAL,200,
/post/the-disruption,Book an application callBook a Call,/contact,/contact,INTERNAL,200,
/post/the-disruption,Home,/,/,INTERNAL,200,
/post/the-disruption,Dreamlab,/blog,/blog,INTERNAL,200,
/post/the-disruption,Pricing,/packages,/packages,INTERNAL,200,
/post/the-disruption,Altify,/work/altify,/work/altify,INTERNAL,200,
/post/the-disruption,Circuit,/work/circuit,/work/circuit,INTERNAL,200,
/post/the-disruption,Oxipack,/work/oxipack,/work/oxipack,INTERNAL,200,
/post/the-disruption,,/post/metamorphosis,/post/metamorphosis,INTERNAL,200,
/post/the-disruption,Metamorphosis,/post/metamorphosis,/post/metamorphosis,INTERNAL,200,
/post/the-disruption,Read full article→,/post/metamorphosis,/post/metamorphosis,INTERNAL,200,
/post/the-disruption,,/post/beyond-the-eu30-000,/post/beyond-the-eu30-000,INTERNAL,200,
/post/the-disruption,Beyond the €30 000,/post/beyond-the-eu30-000,/post/beyond-the-eu30-000,INTERNAL,200,
/post/the-disruption,Read full article→,/post/beyond-the-eu30-000,/post/beyond-the-eu30-000,INTERNAL,200,
/post/the-disruption,,/post/the-cost-of-refusing-to-adapt,/post/the-cost-of-refusing-to-adapt,INTERNAL,200,
/post/the-disruption,The Cost of Refusing to Adapt,/post/the-cost-of-refusing-to-adapt,/post/the-cost-of-refusing-to-adapt,INTERNAL,200,
/post/the-disruption,Read full article→,/post/the-cost-of-refusing-to-adapt,/post/the-cost-of-refusing-to-adapt,INTERNAL,200,
/post/the-disruption,About,/about,/about,INTERNAL,200,
/post/the-disruption,What we do,/#what-we-do,/,INTERNAL,200,
/post/the-disruption,Work / Case studies,/work,/work,INTERNAL,200,
/post/the-disruption,Brand Credibility Scorecard,/scorecard,/scorecard,INTERNAL,200,
/post/the-disruption,Contact,/contact,/contact,INTERNAL,200,
/post/the-disruption,LinkedIn,https://www.linkedin.com/company/nexubis/,,EXTERNAL,,
/post/the-disruption,Instagram,https://www.instagram.com/nexubis.design/,,EXTERNAL,,
/post/the-flex-package,,/,/,INTERNAL,200,
/post/the-flex-package,Altify,/work/altify,/work/altify,INTERNAL,200,
/post/the-flex-package,Circuit,/work/circuit,/work/circuit,INTERNAL,200,
/post/the-flex-package,Oxipack,/work/oxipack,/work/oxipack,INTERNAL,200,
/post/the-flex-package,Packages,/packages,/packages,INTERNAL,200,
/post/the-flex-package,Dreamlab,/blog,/blog,INTERNAL,200,
/post/the-flex-package,Book an application callBook a Call,/contact,/contact,INTERNAL,200,
/post/the-flex-package,Home,/,/,INTERNAL,200,
/post/the-flex-package,Dreamlab,/blog,/blog,INTERNAL,200,
/post/the-flex-package,Pricing,/packages,/packages,INTERNAL,200,
/post/the-flex-package,Altify,/work/altify,/work/altify,INTERNAL,200,
/post/the-flex-package,Circuit,/work/circuit,/work/circuit,INTERNAL,200,
/post/the-flex-package,Oxipack,/work/oxipack,/work/oxipack,INTERNAL,200,
/post/the-flex-package,book a quick intro call,https://calendly.com/nexubis/intro-call,,EXTERNAL,,
/post/the-flex-package,,/post/the-nexubis-effect,/post/the-nexubis-effect,INTERNAL,200,
/post/the-flex-package,The Nexubis Effect,/post/the-nexubis-effect,/post/the-nexubis-effect,INTERNAL,200,
/post/the-flex-package,Read full article→,/post/the-nexubis-effect,/post/the-nexubis-effect,INTERNAL,200,
/post/the-flex-package,,/post/rethinking-the-nexubis-trial,/post/rethinking-the-nexubis-trial,INTERNAL,200,
/post/the-flex-package,Rethinking the Nexubis Trial,/post/rethinking-the-nexubis-trial,/post/rethinking-the-nexubis-trial,INTERNAL,200,
/post/the-flex-package,Read full article→,/post/rethinking-the-nexubis-trial,/post/rethinking-the-nexubis-trial,INTERNAL,200,
/post/the-flex-package,,/post/stop-selling-time-start-delivering-value,/post/stop-selling-time-start-delivering-value,INTERNAL,200,
/post/the-flex-package,Stop Selling Time. Start Delivering Value.,/post/stop-selling-time-start-delivering-value,/post/stop-selling-time-start-delivering-value,INTERNAL,200,
/post/the-flex-package,Read full article→,/post/stop-selling-time-start-delivering-value,/post/stop-selling-time-start-delivering-value,INTERNAL,200,
/post/the-flex-package,About,/about,/about,INTERNAL,200,
/post/the-flex-package,What we do,/#what-we-do,/,INTERNAL,200,
/post/the-flex-package,Work / Case studies,/work,/work,INTERNAL,200,
/post/the-flex-package,Brand Credibility Scorecard,/scorecard,/scorecard,INTERNAL,200,
/post/the-flex-package,Contact,/contact,/contact,INTERNAL,200,
/post/the-flex-package,LinkedIn,https://www.linkedin.com/company/nexubis/,,EXTERNAL,,
/post/the-flex-package,Instagram,https://www.instagram.com/nexubis.design/,,EXTERNAL,,
/post/the-gold-bar-theory,,/,/,INTERNAL,200,
/post/the-gold-bar-theory,Altify,/work/altify,/work/altify,INTERNAL,200,
/post/the-gold-bar-theory,Circuit,/work/circuit,/work/circuit,INTERNAL,200,
/post/the-gold-bar-theory,Oxipack,/work/oxipack,/work/oxipack,INTERNAL,200,
/post/the-gold-bar-theory,Packages,/packages,/packages,INTERNAL,200,
/post/the-gold-bar-theory,Dreamlab,/blog,/blog,INTERNAL,200,
/post/the-gold-bar-theory,Book an application callBook a Call,/contact,/contact,INTERNAL,200,
/post/the-gold-bar-theory,Home,/,/,INTERNAL,200,
/post/the-gold-bar-theory,Dreamlab,/blog,/blog,INTERNAL,200,
/post/the-gold-bar-theory,Pricing,/packages,/packages,INTERNAL,200,
/post/the-gold-bar-theory,Altify,/work/altify,/work/altify,INTERNAL,200,
/post/the-gold-bar-theory,Circuit,/work/circuit,/work/circuit,INTERNAL,200,
/post/the-gold-bar-theory,Oxipack,/work/oxipack,/work/oxipack,INTERNAL,200,
/post/the-gold-bar-theory,Not Everyone Wants the Gold Bar.,/post/not-everyone-wants-the-gold-bar,/post/not-everyone-wants-the-gold-bar,INTERNAL,200,
/post/the-gold-bar-theory,,/post/metamorphosis,/post/metamorphosis,INTERNAL,200,
/post/the-gold-bar-theory,Metamorphosis,/post/metamorphosis,/post/metamorphosis,INTERNAL,200,
/post/the-gold-bar-theory,Read full article→,/post/metamorphosis,/post/metamorphosis,INTERNAL,200,
/post/the-gold-bar-theory,,/post/beyond-the-eu30-000,/post/beyond-the-eu30-000,INTERNAL,200,
/post/the-gold-bar-theory,Beyond the €30 000,/post/beyond-the-eu30-000,/post/beyond-the-eu30-000,INTERNAL,200,
/post/the-gold-bar-theory,Read full article→,/post/beyond-the-eu30-000,/post/beyond-the-eu30-000,INTERNAL,200,
/post/the-gold-bar-theory,,/post/the-cost-of-refusing-to-adapt,/post/the-cost-of-refusing-to-adapt,INTERNAL,200,
/post/the-gold-bar-theory,The Cost of Refusing to Adapt,/post/the-cost-of-refusing-to-adapt,/post/the-cost-of-refusing-to-adapt,INTERNAL,200,
/post/the-gold-bar-theory,Read full article→,/post/the-cost-of-refusing-to-adapt,/post/the-cost-of-refusing-to-adapt,INTERNAL,200,
/post/the-gold-bar-theory,About,/about,/about,INTERNAL,200,
/post/the-gold-bar-theory,What we do,/#what-we-do,/,INTERNAL,200,
/post/the-gold-bar-theory,Work / Case studies,/work,/work,INTERNAL,200,
/post/the-gold-bar-theory,Brand Credibility Scorecard,/scorecard,/scorecard,INTERNAL,200,
/post/the-gold-bar-theory,Contact,/contact,/contact,INTERNAL,200,
/post/the-gold-bar-theory,LinkedIn,https://www.linkedin.com/company/nexubis/,,EXTERNAL,,
/post/the-gold-bar-theory,Instagram,https://www.instagram.com/nexubis.design/,,EXTERNAL,,
/post/the-legendary-play,,/,/,INTERNAL,200,
/post/the-legendary-play,Altify,/work/altify,/work/altify,INTERNAL,200,
/post/the-legendary-play,Circuit,/work/circuit,/work/circuit,INTERNAL,200,
/post/the-legendary-play,Oxipack,/work/oxipack,/work/oxipack,INTERNAL,200,
/post/the-legendary-play,Packages,/packages,/packages,INTERNAL,200,
/post/the-legendary-play,Dreamlab,/blog,/blog,INTERNAL,200,
/post/the-legendary-play,Book an application callBook a Call,/contact,/contact,INTERNAL,200,
/post/the-legendary-play,Home,/,/,INTERNAL,200,
/post/the-legendary-play,Dreamlab,/blog,/blog,INTERNAL,200,
/post/the-legendary-play,Pricing,/packages,/packages,INTERNAL,200,
/post/the-legendary-play,Altify,/work/altify,/work/altify,INTERNAL,200,
/post/the-legendary-play,Circuit,/work/circuit,/work/circuit,INTERNAL,200,
/post/the-legendary-play,Oxipack,/work/oxipack,/work/oxipack,INTERNAL,200,
/post/the-legendary-play,Secret Third Option.,/post/the-secret-third-option,/post/the-secret-third-option,INTERNAL,200,
/post/the-legendary-play,Memorability in business,/post/make-it-memorable,/post/make-it-memorable,INTERNAL,200,
/post/the-legendary-play,Not every hill is worth dying on.,/post/pick-your-battles,/post/pick-your-battles,INTERNAL,200,
/post/the-legendary-play,,/post/metamorphosis,/post/metamorphosis,INTERNAL,200,
/post/the-legendary-play,Metamorphosis,/post/metamorphosis,/post/metamorphosis,INTERNAL,200,
/post/the-legendary-play,Read full article→,/post/metamorphosis,/post/metamorphosis,INTERNAL,200,
/post/the-legendary-play,,/post/beyond-the-eu30-000,/post/beyond-the-eu30-000,INTERNAL,200,
/post/the-legendary-play,Beyond the €30 000,/post/beyond-the-eu30-000,/post/beyond-the-eu30-000,INTERNAL,200,
/post/the-legendary-play,Read full article→,/post/beyond-the-eu30-000,/post/beyond-the-eu30-000,INTERNAL,200,
/post/the-legendary-play,,/post/the-cost-of-refusing-to-adapt,/post/the-cost-of-refusing-to-adapt,INTERNAL,200,
/post/the-legendary-play,The Cost of Refusing to Adapt,/post/the-cost-of-refusing-to-adapt,/post/the-cost-of-refusing-to-adapt,INTERNAL,200,
/post/the-legendary-play,Read full article→,/post/the-cost-of-refusing-to-adapt,/post/the-cost-of-refusing-to-adapt,INTERNAL,200,
/post/the-legendary-play,About,/about,/about,INTERNAL,200,
/post/the-legendary-play,What we do,/#what-we-do,/,INTERNAL,200,
/post/the-legendary-play,Work / Case studies,/work,/work,INTERNAL,200,
/post/the-legendary-play,Brand Credibility Scorecard,/scorecard,/scorecard,INTERNAL,200,
/post/the-legendary-play,Contact,/contact,/contact,INTERNAL,200,
/post/the-legendary-play,LinkedIn,https://www.linkedin.com/company/nexubis/,,EXTERNAL,,
/post/the-legendary-play,Instagram,https://www.instagram.com/nexubis.design/,,EXTERNAL,,
/post/the-myth-of-the-perfect-hire,,/,/,INTERNAL,200,
/post/the-myth-of-the-perfect-hire,Altify,/work/altify,/work/altify,INTERNAL,200,
/post/the-myth-of-the-perfect-hire,Circuit,/work/circuit,/work/circuit,INTERNAL,200,
/post/the-myth-of-the-perfect-hire,Oxipack,/work/oxipack,/work/oxipack,INTERNAL,200,
/post/the-myth-of-the-perfect-hire,Packages,/packages,/packages,INTERNAL,200,
/post/the-myth-of-the-perfect-hire,Dreamlab,/blog,/blog,INTERNAL,200,
/post/the-myth-of-the-perfect-hire,Book an application callBook a Call,/contact,/contact,INTERNAL,200,
/post/the-myth-of-the-perfect-hire,Home,/,/,INTERNAL,200,
/post/the-myth-of-the-perfect-hire,Dreamlab,/blog,/blog,INTERNAL,200,
/post/the-myth-of-the-perfect-hire,Pricing,/packages,/packages,INTERNAL,200,
/post/the-myth-of-the-perfect-hire,Altify,/work/altify,/work/altify,INTERNAL,200,
/post/the-myth-of-the-perfect-hire,Circuit,/work/circuit,/work/circuit,INTERNAL,200,
/post/the-myth-of-the-perfect-hire,Oxipack,/work/oxipack,/work/oxipack,INTERNAL,200,
/post/the-myth-of-the-perfect-hire,,/post/metamorphosis,/post/metamorphosis,INTERNAL,200,
/post/the-myth-of-the-perfect-hire,Metamorphosis,/post/metamorphosis,/post/metamorphosis,INTERNAL,200,
/post/the-myth-of-the-perfect-hire,Read full article→,/post/metamorphosis,/post/metamorphosis,INTERNAL,200,
/post/the-myth-of-the-perfect-hire,,/post/beyond-the-eu30-000,/post/beyond-the-eu30-000,INTERNAL,200,
/post/the-myth-of-the-perfect-hire,Beyond the €30 000,/post/beyond-the-eu30-000,/post/beyond-the-eu30-000,INTERNAL,200,
/post/the-myth-of-the-perfect-hire,Read full article→,/post/beyond-the-eu30-000,/post/beyond-the-eu30-000,INTERNAL,200,
/post/the-myth-of-the-perfect-hire,,/post/the-cost-of-refusing-to-adapt,/post/the-cost-of-refusing-to-adapt,INTERNAL,200,
/post/the-myth-of-the-perfect-hire,The Cost of Refusing to Adapt,/post/the-cost-of-refusing-to-adapt,/post/the-cost-of-refusing-to-adapt,INTERNAL,200,
/post/the-myth-of-the-perfect-hire,Read full article→,/post/the-cost-of-refusing-to-adapt,/post/the-cost-of-refusing-to-adapt,INTERNAL,200,
/post/the-myth-of-the-perfect-hire,About,/about,/about,INTERNAL,200,
/post/the-myth-of-the-perfect-hire,What we do,/#what-we-do,/,INTERNAL,200,
/post/the-myth-of-the-perfect-hire,Work / Case studies,/work,/work,INTERNAL,200,
/post/the-myth-of-the-perfect-hire,Brand Credibility Scorecard,/scorecard,/scorecard,INTERNAL,200,
/post/the-myth-of-the-perfect-hire,Contact,/contact,/contact,INTERNAL,200,
/post/the-myth-of-the-perfect-hire,LinkedIn,https://www.linkedin.com/company/nexubis/,,EXTERNAL,,
/post/the-myth-of-the-perfect-hire,Instagram,https://www.instagram.com/nexubis.design/,,EXTERNAL,,
/post/the-new-creative-stack,,/,/,INTERNAL,200,
/post/the-new-creative-stack,Altify,/work/altify,/work/altify,INTERNAL,200,
/post/the-new-creative-stack,Circuit,/work/circuit,/work/circuit,INTERNAL,200,
/post/the-new-creative-stack,Oxipack,/work/oxipack,/work/oxipack,INTERNAL,200,
/post/the-new-creative-stack,Packages,/packages,/packages,INTERNAL,200,
/post/the-new-creative-stack,Dreamlab,/blog,/blog,INTERNAL,200,
/post/the-new-creative-stack,Book an application callBook a Call,/contact,/contact,INTERNAL,200,
/post/the-new-creative-stack,Home,/,/,INTERNAL,200,
/post/the-new-creative-stack,Dreamlab,/blog,/blog,INTERNAL,200,
/post/the-new-creative-stack,Pricing,/packages,/packages,INTERNAL,200,
/post/the-new-creative-stack,Altify,/work/altify,/work/altify,INTERNAL,200,
/post/the-new-creative-stack,Circuit,/work/circuit,/work/circuit,INTERNAL,200,
/post/the-new-creative-stack,Oxipack,/work/oxipack,/work/oxipack,INTERNAL,200,
/post/the-new-creative-stack,,/post/ai-is-not-a-phase-its-an-era,/post/ai-is-not-a-phase-its-an-era,INTERNAL,200,
/post/the-new-creative-stack,AI Is Not a Phase. It's an Era.,/post/ai-is-not-a-phase-its-an-era,/post/ai-is-not-a-phase-its-an-era,INTERNAL,200,
/post/the-new-creative-stack,Read full article→,/post/ai-is-not-a-phase-its-an-era,/post/ai-is-not-a-phase-its-an-era,INTERNAL,200,
/post/the-new-creative-stack,,/post/the-personal-belief-vs-ai-paradox,/post/the-personal-belief-vs-ai-paradox,INTERNAL,200,
/post/the-new-creative-stack,The Personal Belief vs. AI Paradox,/post/the-personal-belief-vs-ai-paradox,/post/the-personal-belief-vs-ai-paradox,INTERNAL,200,
/post/the-new-creative-stack,Read full article→,/post/the-personal-belief-vs-ai-paradox,/post/the-personal-belief-vs-ai-paradox,INTERNAL,200,
/post/the-new-creative-stack,,/post/the-builders-will-survive,/post/the-builders-will-survive,INTERNAL,200,
/post/the-new-creative-stack,The Builders Will Survive,/post/the-builders-will-survive,/post/the-builders-will-survive,INTERNAL,200,
/post/the-new-creative-stack,Read full article→,/post/the-builders-will-survive,/post/the-builders-will-survive,INTERNAL,200,
/post/the-new-creative-stack,About,/about,/about,INTERNAL,200,
/post/the-new-creative-stack,What we do,/#what-we-do,/,INTERNAL,200,
/post/the-new-creative-stack,Work / Case studies,/work,/work,INTERNAL,200,
/post/the-new-creative-stack,Brand Credibility Scorecard,/scorecard,/scorecard,INTERNAL,200,
/post/the-new-creative-stack,Contact,/contact,/contact,INTERNAL,200,
/post/the-new-creative-stack,LinkedIn,https://www.linkedin.com/company/nexubis/,,EXTERNAL,,
/post/the-new-creative-stack,Instagram,https://www.instagram.com/nexubis.design/,,EXTERNAL,,
/post/the-nexubis-effect,,/,/,INTERNAL,200,
/post/the-nexubis-effect,Altify,/work/altify,/work/altify,INTERNAL,200,
/post/the-nexubis-effect,Circuit,/work/circuit,/work/circuit,INTERNAL,200,
/post/the-nexubis-effect,Oxipack,/work/oxipack,/work/oxipack,INTERNAL,200,
/post/the-nexubis-effect,Packages,/packages,/packages,INTERNAL,200,
/post/the-nexubis-effect,Dreamlab,/blog,/blog,INTERNAL,200,
/post/the-nexubis-effect,Book an application callBook a Call,/contact,/contact,INTERNAL,200,
/post/the-nexubis-effect,Home,/,/,INTERNAL,200,
/post/the-nexubis-effect,Dreamlab,/blog,/blog,INTERNAL,200,
/post/the-nexubis-effect,Pricing,/packages,/packages,INTERNAL,200,
/post/the-nexubis-effect,Altify,/work/altify,/work/altify,INTERNAL,200,
/post/the-nexubis-effect,Circuit,/work/circuit,/work/circuit,INTERNAL,200,
/post/the-nexubis-effect,Oxipack,/work/oxipack,/work/oxipack,INTERNAL,200,
/post/the-nexubis-effect,,/post/the-flex-package,/post/the-flex-package,INTERNAL,200,
/post/the-nexubis-effect,The Flex Package,/post/the-flex-package,/post/the-flex-package,INTERNAL,200,
/post/the-nexubis-effect,Read full article→,/post/the-flex-package,/post/the-flex-package,INTERNAL,200,
/post/the-nexubis-effect,,/post/rethinking-the-nexubis-trial,/post/rethinking-the-nexubis-trial,INTERNAL,200,
/post/the-nexubis-effect,Rethinking the Nexubis Trial,/post/rethinking-the-nexubis-trial,/post/rethinking-the-nexubis-trial,INTERNAL,200,
/post/the-nexubis-effect,Read full article→,/post/rethinking-the-nexubis-trial,/post/rethinking-the-nexubis-trial,INTERNAL,200,
/post/the-nexubis-effect,,/post/stop-selling-time-start-delivering-value,/post/stop-selling-time-start-delivering-value,INTERNAL,200,
/post/the-nexubis-effect,Stop Selling Time. Start Delivering Value.,/post/stop-selling-time-start-delivering-value,/post/stop-selling-time-start-delivering-value,INTERNAL,200,
/post/the-nexubis-effect,Read full article→,/post/stop-selling-time-start-delivering-value,/post/stop-selling-time-start-delivering-value,INTERNAL,200,
/post/the-nexubis-effect,About,/about,/about,INTERNAL,200,
/post/the-nexubis-effect,What we do,/#what-we-do,/,INTERNAL,200,
/post/the-nexubis-effect,Work / Case studies,/work,/work,INTERNAL,200,
/post/the-nexubis-effect,Brand Credibility Scorecard,/scorecard,/scorecard,INTERNAL,200,
/post/the-nexubis-effect,Contact,/contact,/contact,INTERNAL,200,
/post/the-nexubis-effect,LinkedIn,https://www.linkedin.com/company/nexubis/,,EXTERNAL,,
/post/the-nexubis-effect,Instagram,https://www.instagram.com/nexubis.design/,,EXTERNAL,,
/post/the-nexubis-referral-program,,/,/,INTERNAL,200,
/post/the-nexubis-referral-program,Altify,/work/altify,/work/altify,INTERNAL,200,
/post/the-nexubis-referral-program,Circuit,/work/circuit,/work/circuit,INTERNAL,200,
/post/the-nexubis-referral-program,Oxipack,/work/oxipack,/work/oxipack,INTERNAL,200,
/post/the-nexubis-referral-program,Packages,/packages,/packages,INTERNAL,200,
/post/the-nexubis-referral-program,Dreamlab,/blog,/blog,INTERNAL,200,
/post/the-nexubis-referral-program,Book an application callBook a Call,/contact,/contact,INTERNAL,200,
/post/the-nexubis-referral-program,Home,/,/,INTERNAL,200,
/post/the-nexubis-referral-program,Dreamlab,/blog,/blog,INTERNAL,200,
/post/the-nexubis-referral-program,Pricing,/packages,/packages,INTERNAL,200,
/post/the-nexubis-referral-program,Altify,/work/altify,/work/altify,INTERNAL,200,
/post/the-nexubis-referral-program,Circuit,/work/circuit,/work/circuit,INTERNAL,200,
/post/the-nexubis-referral-program,Oxipack,/work/oxipack,/work/oxipack,INTERNAL,200,
/post/the-nexubis-referral-program,,/post/the-nexubis-effect,/post/the-nexubis-effect,INTERNAL,200,
/post/the-nexubis-referral-program,The Nexubis Effect,/post/the-nexubis-effect,/post/the-nexubis-effect,INTERNAL,200,
/post/the-nexubis-referral-program,Read full article→,/post/the-nexubis-effect,/post/the-nexubis-effect,INTERNAL,200,
/post/the-nexubis-referral-program,,/post/the-flex-package,/post/the-flex-package,INTERNAL,200,
/post/the-nexubis-referral-program,The Flex Package,/post/the-flex-package,/post/the-flex-package,INTERNAL,200,
/post/the-nexubis-referral-program,Read full article→,/post/the-flex-package,/post/the-flex-package,INTERNAL,200,
/post/the-nexubis-referral-program,,/post/rethinking-the-nexubis-trial,/post/rethinking-the-nexubis-trial,INTERNAL,200,
/post/the-nexubis-referral-program,Rethinking the Nexubis Trial,/post/rethinking-the-nexubis-trial,/post/rethinking-the-nexubis-trial,INTERNAL,200,
/post/the-nexubis-referral-program,Read full article→,/post/rethinking-the-nexubis-trial,/post/rethinking-the-nexubis-trial,INTERNAL,200,
/post/the-nexubis-referral-program,About,/about,/about,INTERNAL,200,
/post/the-nexubis-referral-program,What we do,/#what-we-do,/,INTERNAL,200,
/post/the-nexubis-referral-program,Work / Case studies,/work,/work,INTERNAL,200,
/post/the-nexubis-referral-program,Brand Credibility Scorecard,/scorecard,/scorecard,INTERNAL,200,
/post/the-nexubis-referral-program,Contact,/contact,/contact,INTERNAL,200,
/post/the-nexubis-referral-program,LinkedIn,https://www.linkedin.com/company/nexubis/,,EXTERNAL,,
/post/the-nexubis-referral-program,Instagram,https://www.instagram.com/nexubis.design/,,EXTERNAL,,
/post/the-personal-belief-vs-ai-paradox,,/,/,INTERNAL,200,
/post/the-personal-belief-vs-ai-paradox,Altify,/work/altify,/work/altify,INTERNAL,200,
/post/the-personal-belief-vs-ai-paradox,Circuit,/work/circuit,/work/circuit,INTERNAL,200,
/post/the-personal-belief-vs-ai-paradox,Oxipack,/work/oxipack,/work/oxipack,INTERNAL,200,
/post/the-personal-belief-vs-ai-paradox,Packages,/packages,/packages,INTERNAL,200,
/post/the-personal-belief-vs-ai-paradox,Dreamlab,/blog,/blog,INTERNAL,200,
/post/the-personal-belief-vs-ai-paradox,Book an application callBook a Call,/contact,/contact,INTERNAL,200,
/post/the-personal-belief-vs-ai-paradox,Home,/,/,INTERNAL,200,
/post/the-personal-belief-vs-ai-paradox,Dreamlab,/blog,/blog,INTERNAL,200,
/post/the-personal-belief-vs-ai-paradox,Pricing,/packages,/packages,INTERNAL,200,
/post/the-personal-belief-vs-ai-paradox,Altify,/work/altify,/work/altify,INTERNAL,200,
/post/the-personal-belief-vs-ai-paradox,Circuit,/work/circuit,/work/circuit,INTERNAL,200,
/post/the-personal-belief-vs-ai-paradox,Oxipack,/work/oxipack,/work/oxipack,INTERNAL,200,
/post/the-personal-belief-vs-ai-paradox,,/post/ai-is-not-a-phase-its-an-era,/post/ai-is-not-a-phase-its-an-era,INTERNAL,200,
/post/the-personal-belief-vs-ai-paradox,AI Is Not a Phase. It's an Era.,/post/ai-is-not-a-phase-its-an-era,/post/ai-is-not-a-phase-its-an-era,INTERNAL,200,
/post/the-personal-belief-vs-ai-paradox,Read full article→,/post/ai-is-not-a-phase-its-an-era,/post/ai-is-not-a-phase-its-an-era,INTERNAL,200,
/post/the-personal-belief-vs-ai-paradox,,/post/the-builders-will-survive,/post/the-builders-will-survive,INTERNAL,200,
/post/the-personal-belief-vs-ai-paradox,The Builders Will Survive,/post/the-builders-will-survive,/post/the-builders-will-survive,INTERNAL,200,
/post/the-personal-belief-vs-ai-paradox,Read full article→,/post/the-builders-will-survive,/post/the-builders-will-survive,INTERNAL,200,
/post/the-personal-belief-vs-ai-paradox,,/post/the-age-of-agi,/post/the-age-of-agi,INTERNAL,200,
/post/the-personal-belief-vs-ai-paradox,The Age of AGI,/post/the-age-of-agi,/post/the-age-of-agi,INTERNAL,200,
/post/the-personal-belief-vs-ai-paradox,Read full article→,/post/the-age-of-agi,/post/the-age-of-agi,INTERNAL,200,
/post/the-personal-belief-vs-ai-paradox,About,/about,/about,INTERNAL,200,
/post/the-personal-belief-vs-ai-paradox,What we do,/#what-we-do,/,INTERNAL,200,
/post/the-personal-belief-vs-ai-paradox,Work / Case studies,/work,/work,INTERNAL,200,
/post/the-personal-belief-vs-ai-paradox,Brand Credibility Scorecard,/scorecard,/scorecard,INTERNAL,200,
/post/the-personal-belief-vs-ai-paradox,Contact,/contact,/contact,INTERNAL,200,
/post/the-personal-belief-vs-ai-paradox,LinkedIn,https://www.linkedin.com/company/nexubis/,,EXTERNAL,,
/post/the-personal-belief-vs-ai-paradox,Instagram,https://www.instagram.com/nexubis.design/,,EXTERNAL,,
/post/the-power-of-linkedin,,/,/,INTERNAL,200,
/post/the-power-of-linkedin,Altify,/work/altify,/work/altify,INTERNAL,200,
/post/the-power-of-linkedin,Circuit,/work/circuit,/work/circuit,INTERNAL,200,
/post/the-power-of-linkedin,Oxipack,/work/oxipack,/work/oxipack,INTERNAL,200,
/post/the-power-of-linkedin,Packages,/packages,/packages,INTERNAL,200,
/post/the-power-of-linkedin,Dreamlab,/blog,/blog,INTERNAL,200,
/post/the-power-of-linkedin,Book an application callBook a Call,/contact,/contact,INTERNAL,200,
/post/the-power-of-linkedin,Home,/,/,INTERNAL,200,
/post/the-power-of-linkedin,Dreamlab,/blog,/blog,INTERNAL,200,
/post/the-power-of-linkedin,Pricing,/packages,/packages,INTERNAL,200,
/post/the-power-of-linkedin,Altify,/work/altify,/work/altify,INTERNAL,200,
/post/the-power-of-linkedin,Circuit,/work/circuit,/work/circuit,INTERNAL,200,
/post/the-power-of-linkedin,Oxipack,/work/oxipack,/work/oxipack,INTERNAL,200,
/post/the-power-of-linkedin,,/post/metamorphosis,/post/metamorphosis,INTERNAL,200,
/post/the-power-of-linkedin,Metamorphosis,/post/metamorphosis,/post/metamorphosis,INTERNAL,200,
/post/the-power-of-linkedin,Read full article→,/post/metamorphosis,/post/metamorphosis,INTERNAL,200,
/post/the-power-of-linkedin,,/post/beyond-the-eu30-000,/post/beyond-the-eu30-000,INTERNAL,200,
/post/the-power-of-linkedin,Beyond the €30 000,/post/beyond-the-eu30-000,/post/beyond-the-eu30-000,INTERNAL,200,
/post/the-power-of-linkedin,Read full article→,/post/beyond-the-eu30-000,/post/beyond-the-eu30-000,INTERNAL,200,
/post/the-power-of-linkedin,,/post/the-cost-of-refusing-to-adapt,/post/the-cost-of-refusing-to-adapt,INTERNAL,200,
/post/the-power-of-linkedin,The Cost of Refusing to Adapt,/post/the-cost-of-refusing-to-adapt,/post/the-cost-of-refusing-to-adapt,INTERNAL,200,
/post/the-power-of-linkedin,Read full article→,/post/the-cost-of-refusing-to-adapt,/post/the-cost-of-refusing-to-adapt,INTERNAL,200,
/post/the-power-of-linkedin,About,/about,/about,INTERNAL,200,
/post/the-power-of-linkedin,What we do,/#what-we-do,/,INTERNAL,200,
/post/the-power-of-linkedin,Work / Case studies,/work,/work,INTERNAL,200,
/post/the-power-of-linkedin,Brand Credibility Scorecard,/scorecard,/scorecard,INTERNAL,200,
/post/the-power-of-linkedin,Contact,/contact,/contact,INTERNAL,200,
/post/the-power-of-linkedin,LinkedIn,https://www.linkedin.com/company/nexubis/,,EXTERNAL,,
/post/the-power-of-linkedin,Instagram,https://www.instagram.com/nexubis.design/,,EXTERNAL,,
/post/the-process-or-people-problem,,/,/,INTERNAL,200,
/post/the-process-or-people-problem,Altify,/work/altify,/work/altify,INTERNAL,200,
/post/the-process-or-people-problem,Circuit,/work/circuit,/work/circuit,INTERNAL,200,
/post/the-process-or-people-problem,Oxipack,/work/oxipack,/work/oxipack,INTERNAL,200,
/post/the-process-or-people-problem,Packages,/packages,/packages,INTERNAL,200,
/post/the-process-or-people-problem,Dreamlab,/blog,/blog,INTERNAL,200,
/post/the-process-or-people-problem,Book an application callBook a Call,/contact,/contact,INTERNAL,200,
/post/the-process-or-people-problem,Home,/,/,INTERNAL,200,
/post/the-process-or-people-problem,Dreamlab,/blog,/blog,INTERNAL,200,
/post/the-process-or-people-problem,Pricing,/packages,/packages,INTERNAL,200,
/post/the-process-or-people-problem,Altify,/work/altify,/work/altify,INTERNAL,200,
/post/the-process-or-people-problem,Circuit,/work/circuit,/work/circuit,INTERNAL,200,
/post/the-process-or-people-problem,Oxipack,/work/oxipack,/work/oxipack,INTERNAL,200,
/post/the-process-or-people-problem,,/post/metamorphosis,/post/metamorphosis,INTERNAL,200,
/post/the-process-or-people-problem,Metamorphosis,/post/metamorphosis,/post/metamorphosis,INTERNAL,200,
/post/the-process-or-people-problem,Read full article→,/post/metamorphosis,/post/metamorphosis,INTERNAL,200,
/post/the-process-or-people-problem,,/post/beyond-the-eu30-000,/post/beyond-the-eu30-000,INTERNAL,200,
/post/the-process-or-people-problem,Beyond the €30 000,/post/beyond-the-eu30-000,/post/beyond-the-eu30-000,INTERNAL,200,
/post/the-process-or-people-problem,Read full article→,/post/beyond-the-eu30-000,/post/beyond-the-eu30-000,INTERNAL,200,
/post/the-process-or-people-problem,,/post/the-cost-of-refusing-to-adapt,/post/the-cost-of-refusing-to-adapt,INTERNAL,200,
/post/the-process-or-people-problem,The Cost of Refusing to Adapt,/post/the-cost-of-refusing-to-adapt,/post/the-cost-of-refusing-to-adapt,INTERNAL,200,
/post/the-process-or-people-problem,Read full article→,/post/the-cost-of-refusing-to-adapt,/post/the-cost-of-refusing-to-adapt,INTERNAL,200,
/post/the-process-or-people-problem,About,/about,/about,INTERNAL,200,
/post/the-process-or-people-problem,What we do,/#what-we-do,/,INTERNAL,200,
/post/the-process-or-people-problem,Work / Case studies,/work,/work,INTERNAL,200,
/post/the-process-or-people-problem,Brand Credibility Scorecard,/scorecard,/scorecard,INTERNAL,200,
/post/the-process-or-people-problem,Contact,/contact,/contact,INTERNAL,200,
/post/the-process-or-people-problem,LinkedIn,https://www.linkedin.com/company/nexubis/,,EXTERNAL,,
/post/the-process-or-people-problem,Instagram,https://www.instagram.com/nexubis.design/,,EXTERNAL,,
/post/the-secret-third-option,,/,/,INTERNAL,200,
/post/the-secret-third-option,Altify,/work/altify,/work/altify,INTERNAL,200,
/post/the-secret-third-option,Circuit,/work/circuit,/work/circuit,INTERNAL,200,
/post/the-secret-third-option,Oxipack,/work/oxipack,/work/oxipack,INTERNAL,200,
/post/the-secret-third-option,Packages,/packages,/packages,INTERNAL,200,
/post/the-secret-third-option,Dreamlab,/blog,/blog,INTERNAL,200,
/post/the-secret-third-option,Book an application callBook a Call,/contact,/contact,INTERNAL,200,
/post/the-secret-third-option,Home,/,/,INTERNAL,200,
/post/the-secret-third-option,Dreamlab,/blog,/blog,INTERNAL,200,
/post/the-secret-third-option,Pricing,/packages,/packages,INTERNAL,200,
/post/the-secret-third-option,Altify,/work/altify,/work/altify,INTERNAL,200,
/post/the-secret-third-option,Circuit,/work/circuit,/work/circuit,INTERNAL,200,
/post/the-secret-third-option,Oxipack,/work/oxipack,/work/oxipack,INTERNAL,200,
/post/the-secret-third-option,,/post/metamorphosis,/post/metamorphosis,INTERNAL,200,
/post/the-secret-third-option,Metamorphosis,/post/metamorphosis,/post/metamorphosis,INTERNAL,200,
/post/the-secret-third-option,Read full article→,/post/metamorphosis,/post/metamorphosis,INTERNAL,200,
/post/the-secret-third-option,,/post/beyond-the-eu30-000,/post/beyond-the-eu30-000,INTERNAL,200,
/post/the-secret-third-option,Beyond the €30 000,/post/beyond-the-eu30-000,/post/beyond-the-eu30-000,INTERNAL,200,
/post/the-secret-third-option,Read full article→,/post/beyond-the-eu30-000,/post/beyond-the-eu30-000,INTERNAL,200,
/post/the-secret-third-option,,/post/the-cost-of-refusing-to-adapt,/post/the-cost-of-refusing-to-adapt,INTERNAL,200,
/post/the-secret-third-option,The Cost of Refusing to Adapt,/post/the-cost-of-refusing-to-adapt,/post/the-cost-of-refusing-to-adapt,INTERNAL,200,
/post/the-secret-third-option,Read full article→,/post/the-cost-of-refusing-to-adapt,/post/the-cost-of-refusing-to-adapt,INTERNAL,200,
/post/the-secret-third-option,About,/about,/about,INTERNAL,200,
/post/the-secret-third-option,What we do,/#what-we-do,/,INTERNAL,200,
/post/the-secret-third-option,Work / Case studies,/work,/work,INTERNAL,200,
/post/the-secret-third-option,Brand Credibility Scorecard,/scorecard,/scorecard,INTERNAL,200,
/post/the-secret-third-option,Contact,/contact,/contact,INTERNAL,200,
/post/the-secret-third-option,LinkedIn,https://www.linkedin.com/company/nexubis/,,EXTERNAL,,
/post/the-secret-third-option,Instagram,https://www.instagram.com/nexubis.design/,,EXTERNAL,,
/post/the-tech-stack-we-actually-recommend,,/,/,INTERNAL,200,
/post/the-tech-stack-we-actually-recommend,Altify,/work/altify,/work/altify,INTERNAL,200,
/post/the-tech-stack-we-actually-recommend,Circuit,/work/circuit,/work/circuit,INTERNAL,200,
/post/the-tech-stack-we-actually-recommend,Oxipack,/work/oxipack,/work/oxipack,INTERNAL,200,
/post/the-tech-stack-we-actually-recommend,Packages,/packages,/packages,INTERNAL,200,
/post/the-tech-stack-we-actually-recommend,Dreamlab,/blog,/blog,INTERNAL,200,
/post/the-tech-stack-we-actually-recommend,Book an application callBook a Call,/contact,/contact,INTERNAL,200,
/post/the-tech-stack-we-actually-recommend,Home,/,/,INTERNAL,200,
/post/the-tech-stack-we-actually-recommend,Dreamlab,/blog,/blog,INTERNAL,200,
/post/the-tech-stack-we-actually-recommend,Pricing,/packages,/packages,INTERNAL,200,
/post/the-tech-stack-we-actually-recommend,Altify,/work/altify,/work/altify,INTERNAL,200,
/post/the-tech-stack-we-actually-recommend,Circuit,/work/circuit,/work/circuit,INTERNAL,200,
/post/the-tech-stack-we-actually-recommend,Oxipack,/work/oxipack,/work/oxipack,INTERNAL,200,
/post/the-tech-stack-we-actually-recommend,,/post/building-fast-vs-building-right,/post/building-fast-vs-building-right,INTERNAL,200,
/post/the-tech-stack-we-actually-recommend,Building Fast vs. Building Right,/post/building-fast-vs-building-right,/post/building-fast-vs-building-right,INTERNAL,200,
/post/the-tech-stack-we-actually-recommend,Read full article→,/post/building-fast-vs-building-right,/post/building-fast-vs-building-right,INTERNAL,200,
/post/the-tech-stack-we-actually-recommend,,/post/when-branding-does-and-doesnt-matter,/post/when-branding-does-and-doesnt-matter,INTERNAL,200,
/post/the-tech-stack-we-actually-recommend,When Branding Does (and Doesn’t) Matter,/post/when-branding-does-and-doesnt-matter,/post/when-branding-does-and-doesnt-matter,INTERNAL,200,
/post/the-tech-stack-we-actually-recommend,Read full article→,/post/when-branding-does-and-doesnt-matter,/post/when-branding-does-and-doesnt-matter,INTERNAL,200,
/post/the-tech-stack-we-actually-recommend,,/post/what-early-stage-founders-spend-way-too-much-time-on,/post/what-early-stage-founders-spend-way-too-much-time-on,INTERNAL,200,
/post/the-tech-stack-we-actually-recommend,Startup Time Traps,/post/what-early-stage-founders-spend-way-too-much-time-on,/post/what-early-stage-founders-spend-way-too-much-time-on,INTERNAL,200,
/post/the-tech-stack-we-actually-recommend,Read full article→,/post/what-early-stage-founders-spend-way-too-much-time-on,/post/what-early-stage-founders-spend-way-too-much-time-on,INTERNAL,200,
/post/the-tech-stack-we-actually-recommend,About,/about,/about,INTERNAL,200,
/post/the-tech-stack-we-actually-recommend,What we do,/#what-we-do,/,INTERNAL,200,
/post/the-tech-stack-we-actually-recommend,Work / Case studies,/work,/work,INTERNAL,200,
/post/the-tech-stack-we-actually-recommend,Brand Credibility Scorecard,/scorecard,/scorecard,INTERNAL,200,
/post/the-tech-stack-we-actually-recommend,Contact,/contact,/contact,INTERNAL,200,
/post/the-tech-stack-we-actually-recommend,LinkedIn,https://www.linkedin.com/company/nexubis/,,EXTERNAL,,
/post/the-tech-stack-we-actually-recommend,Instagram,https://www.instagram.com/nexubis.design/,,EXTERNAL,,
/post/the-walter-mitty-effect,,/,/,INTERNAL,200,
/post/the-walter-mitty-effect,Altify,/work/altify,/work/altify,INTERNAL,200,
/post/the-walter-mitty-effect,Circuit,/work/circuit,/work/circuit,INTERNAL,200,
/post/the-walter-mitty-effect,Oxipack,/work/oxipack,/work/oxipack,INTERNAL,200,
/post/the-walter-mitty-effect,Packages,/packages,/packages,INTERNAL,200,
/post/the-walter-mitty-effect,Dreamlab,/blog,/blog,INTERNAL,200,
/post/the-walter-mitty-effect,Book an application callBook a Call,/contact,/contact,INTERNAL,200,
/post/the-walter-mitty-effect,Home,/,/,INTERNAL,200,
/post/the-walter-mitty-effect,Dreamlab,/blog,/blog,INTERNAL,200,
/post/the-walter-mitty-effect,Pricing,/packages,/packages,INTERNAL,200,
/post/the-walter-mitty-effect,Altify,/work/altify,/work/altify,INTERNAL,200,
/post/the-walter-mitty-effect,Circuit,/work/circuit,/work/circuit,INTERNAL,200,
/post/the-walter-mitty-effect,Oxipack,/work/oxipack,/work/oxipack,INTERNAL,200,
/post/the-walter-mitty-effect,,/post/metamorphosis,/post/metamorphosis,INTERNAL,200,
/post/the-walter-mitty-effect,Metamorphosis,/post/metamorphosis,/post/metamorphosis,INTERNAL,200,
/post/the-walter-mitty-effect,Read full article→,/post/metamorphosis,/post/metamorphosis,INTERNAL,200,
/post/the-walter-mitty-effect,,/post/beyond-the-eu30-000,/post/beyond-the-eu30-000,INTERNAL,200,
/post/the-walter-mitty-effect,Beyond the €30 000,/post/beyond-the-eu30-000,/post/beyond-the-eu30-000,INTERNAL,200,
/post/the-walter-mitty-effect,Read full article→,/post/beyond-the-eu30-000,/post/beyond-the-eu30-000,INTERNAL,200,
/post/the-walter-mitty-effect,,/post/the-cost-of-refusing-to-adapt,/post/the-cost-of-refusing-to-adapt,INTERNAL,200,
/post/the-walter-mitty-effect,The Cost of Refusing to Adapt,/post/the-cost-of-refusing-to-adapt,/post/the-cost-of-refusing-to-adapt,INTERNAL,200,
/post/the-walter-mitty-effect,Read full article→,/post/the-cost-of-refusing-to-adapt,/post/the-cost-of-refusing-to-adapt,INTERNAL,200,
/post/the-walter-mitty-effect,About,/about,/about,INTERNAL,200,
/post/the-walter-mitty-effect,What we do,/#what-we-do,/,INTERNAL,200,
/post/the-walter-mitty-effect,Work / Case studies,/work,/work,INTERNAL,200,
/post/the-walter-mitty-effect,Brand Credibility Scorecard,/scorecard,/scorecard,INTERNAL,200,
/post/the-walter-mitty-effect,Contact,/contact,/contact,INTERNAL,200,
/post/the-walter-mitty-effect,LinkedIn,https://www.linkedin.com/company/nexubis/,,EXTERNAL,,
/post/the-walter-mitty-effect,Instagram,https://www.instagram.com/nexubis.design/,,EXTERNAL,,
/post/the-work-life-balance-lie,,/,/,INTERNAL,200,
/post/the-work-life-balance-lie,Altify,/work/altify,/work/altify,INTERNAL,200,
/post/the-work-life-balance-lie,Circuit,/work/circuit,/work/circuit,INTERNAL,200,
/post/the-work-life-balance-lie,Oxipack,/work/oxipack,/work/oxipack,INTERNAL,200,
/post/the-work-life-balance-lie,Packages,/packages,/packages,INTERNAL,200,
/post/the-work-life-balance-lie,Dreamlab,/blog,/blog,INTERNAL,200,
/post/the-work-life-balance-lie,Book an application callBook a Call,/contact,/contact,INTERNAL,200,
/post/the-work-life-balance-lie,Home,/,/,INTERNAL,200,
/post/the-work-life-balance-lie,Dreamlab,/blog,/blog,INTERNAL,200,
/post/the-work-life-balance-lie,Pricing,/packages,/packages,INTERNAL,200,
/post/the-work-life-balance-lie,Altify,/work/altify,/work/altify,INTERNAL,200,
/post/the-work-life-balance-lie,Circuit,/work/circuit,/work/circuit,INTERNAL,200,
/post/the-work-life-balance-lie,Oxipack,/work/oxipack,/work/oxipack,INTERNAL,200,
/post/the-work-life-balance-lie,you can read it here,/post/keep-firing-yourself,/post/keep-firing-yourself,INTERNAL,200,
/post/the-work-life-balance-lie,,/post/metamorphosis,/post/metamorphosis,INTERNAL,200,
/post/the-work-life-balance-lie,Metamorphosis,/post/metamorphosis,/post/metamorphosis,INTERNAL,200,
/post/the-work-life-balance-lie,Read full article→,/post/metamorphosis,/post/metamorphosis,INTERNAL,200,
/post/the-work-life-balance-lie,,/post/beyond-the-eu30-000,/post/beyond-the-eu30-000,INTERNAL,200,
/post/the-work-life-balance-lie,Beyond the €30 000,/post/beyond-the-eu30-000,/post/beyond-the-eu30-000,INTERNAL,200,
/post/the-work-life-balance-lie,Read full article→,/post/beyond-the-eu30-000,/post/beyond-the-eu30-000,INTERNAL,200,
/post/the-work-life-balance-lie,,/post/the-cost-of-refusing-to-adapt,/post/the-cost-of-refusing-to-adapt,INTERNAL,200,
/post/the-work-life-balance-lie,The Cost of Refusing to Adapt,/post/the-cost-of-refusing-to-adapt,/post/the-cost-of-refusing-to-adapt,INTERNAL,200,
/post/the-work-life-balance-lie,Read full article→,/post/the-cost-of-refusing-to-adapt,/post/the-cost-of-refusing-to-adapt,INTERNAL,200,
/post/the-work-life-balance-lie,About,/about,/about,INTERNAL,200,
/post/the-work-life-balance-lie,What we do,/#what-we-do,/,INTERNAL,200,
/post/the-work-life-balance-lie,Work / Case studies,/work,/work,INTERNAL,200,
/post/the-work-life-balance-lie,Brand Credibility Scorecard,/scorecard,/scorecard,INTERNAL,200,
/post/the-work-life-balance-lie,Contact,/contact,/contact,INTERNAL,200,
/post/the-work-life-balance-lie,LinkedIn,https://www.linkedin.com/company/nexubis/,,EXTERNAL,,
/post/the-work-life-balance-lie,Instagram,https://www.instagram.com/nexubis.design/,,EXTERNAL,,
/post/welcome-to-dreamlab,,/,/,INTERNAL,200,
/post/welcome-to-dreamlab,Altify,/work/altify,/work/altify,INTERNAL,200,
/post/welcome-to-dreamlab,Circuit,/work/circuit,/work/circuit,INTERNAL,200,
/post/welcome-to-dreamlab,Oxipack,/work/oxipack,/work/oxipack,INTERNAL,200,
/post/welcome-to-dreamlab,Packages,/packages,/packages,INTERNAL,200,
/post/welcome-to-dreamlab,Dreamlab,/blog,/blog,INTERNAL,200,
/post/welcome-to-dreamlab,Book an application callBook a Call,/contact,/contact,INTERNAL,200,
/post/welcome-to-dreamlab,Home,/,/,INTERNAL,200,
/post/welcome-to-dreamlab,Dreamlab,/blog,/blog,INTERNAL,200,
/post/welcome-to-dreamlab,Pricing,/packages,/packages,INTERNAL,200,
/post/welcome-to-dreamlab,Altify,/work/altify,/work/altify,INTERNAL,200,
/post/welcome-to-dreamlab,Circuit,/work/circuit,/work/circuit,INTERNAL,200,
/post/welcome-to-dreamlab,Oxipack,/work/oxipack,/work/oxipack,INTERNAL,200,
/post/welcome-to-dreamlab,"""How It All Started (and Almost Didn’t)""",/post/how-it-all-started-and-almost-didnt,/post/how-it-all-started-and-almost-didnt,INTERNAL,200,
/post/welcome-to-dreamlab,“What early stage founders spend too much time on”,/post/what-early-stage-founders-spend-way-too-much-time-on,/post/what-early-stage-founders-spend-way-too-much-time-on,INTERNAL,200,
/post/welcome-to-dreamlab,“How We Landed on Empowering Dreams — and Why It Stuck”,/post/how-we-landed-on-empowering-dreams,/post/how-we-landed-on-empowering-dreams,INTERNAL,200,
/post/welcome-to-dreamlab,AI Isn’t Coming — It’s Already Here,/post/ai-isnt-coming-its-already-here,/post/ai-isnt-coming-its-already-here,INTERNAL,200,
/post/welcome-to-dreamlab,,/post/circuit-securing-nexubis,/post/circuit-securing-nexubis,INTERNAL,200,
/post/welcome-to-dreamlab,Circuit: Securing Nexubis,/post/circuit-securing-nexubis,/post/circuit-securing-nexubis,INTERNAL,200,
/post/welcome-to-dreamlab,Read full article→,/post/circuit-securing-nexubis,/post/circuit-securing-nexubis,INTERNAL,200,
/post/welcome-to-dreamlab,,/post/oxipack-empowering-nexubis,/post/oxipack-empowering-nexubis,INTERNAL,200,
/post/welcome-to-dreamlab,Oxipack: Funding Nexubis,/post/oxipack-empowering-nexubis,/post/oxipack-empowering-nexubis,INTERNAL,200,
/post/welcome-to-dreamlab,Read full article→,/post/oxipack-empowering-nexubis,/post/oxipack-empowering-nexubis,INTERNAL,200,
/post/welcome-to-dreamlab,,/post/altify-empowering-nexubis,/post/altify-empowering-nexubis,INTERNAL,200,
/post/welcome-to-dreamlab,Altify: Empowering Nexubis,/post/altify-empowering-nexubis,/post/altify-empowering-nexubis,INTERNAL,200,
/post/welcome-to-dreamlab,Read full article→,/post/altify-empowering-nexubis,/post/altify-empowering-nexubis,INTERNAL,200,
/post/welcome-to-dreamlab,About,/about,/about,INTERNAL,200,
/post/welcome-to-dreamlab,What we do,/#what-we-do,/,INTERNAL,200,
/post/welcome-to-dreamlab,Work / Case studies,/work,/work,INTERNAL,200,
/post/welcome-to-dreamlab,Brand Credibility Scorecard,/scorecard,/scorecard,INTERNAL,200,
/post/welcome-to-dreamlab,Contact,/contact,/contact,INTERNAL,200,
/post/welcome-to-dreamlab,LinkedIn,https://www.linkedin.com/company/nexubis/,,EXTERNAL,,
/post/welcome-to-dreamlab,Instagram,https://www.instagram.com/nexubis.design/,,EXTERNAL,,
/post/what-early-stage-founders-spend-way-too-much-time-on,,/,/,INTERNAL,200,
/post/what-early-stage-founders-spend-way-too-much-time-on,Altify,/work/altify,/work/altify,INTERNAL,200,
/post/what-early-stage-founders-spend-way-too-much-time-on,Circuit,/work/circuit,/work/circuit,INTERNAL,200,
/post/what-early-stage-founders-spend-way-too-much-time-on,Oxipack,/work/oxipack,/work/oxipack,INTERNAL,200,
/post/what-early-stage-founders-spend-way-too-much-time-on,Packages,/packages,/packages,INTERNAL,200,
/post/what-early-stage-founders-spend-way-too-much-time-on,Dreamlab,/blog,/blog,INTERNAL,200,
/post/what-early-stage-founders-spend-way-too-much-time-on,Book an application callBook a Call,/contact,/contact,INTERNAL,200,
/post/what-early-stage-founders-spend-way-too-much-time-on,Home,/,/,INTERNAL,200,
/post/what-early-stage-founders-spend-way-too-much-time-on,Dreamlab,/blog,/blog,INTERNAL,200,
/post/what-early-stage-founders-spend-way-too-much-time-on,Pricing,/packages,/packages,INTERNAL,200,
/post/what-early-stage-founders-spend-way-too-much-time-on,Altify,/work/altify,/work/altify,INTERNAL,200,
/post/what-early-stage-founders-spend-way-too-much-time-on,Circuit,/work/circuit,/work/circuit,INTERNAL,200,
/post/what-early-stage-founders-spend-way-too-much-time-on,Oxipack,/work/oxipack,/work/oxipack,INTERNAL,200,
/post/what-early-stage-founders-spend-way-too-much-time-on,,/post/building-fast-vs-building-right,/post/building-fast-vs-building-right,INTERNAL,200,
/post/what-early-stage-founders-spend-way-too-much-time-on,Building Fast vs. Building Right,/post/building-fast-vs-building-right,/post/building-fast-vs-building-right,INTERNAL,200,
/post/what-early-stage-founders-spend-way-too-much-time-on,Read full article→,/post/building-fast-vs-building-right,/post/building-fast-vs-building-right,INTERNAL,200,
/post/what-early-stage-founders-spend-way-too-much-time-on,,/post/when-branding-does-and-doesnt-matter,/post/when-branding-does-and-doesnt-matter,INTERNAL,200,
/post/what-early-stage-founders-spend-way-too-much-time-on,When Branding Does (and Doesn’t) Matter,/post/when-branding-does-and-doesnt-matter,/post/when-branding-does-and-doesnt-matter,INTERNAL,200,
/post/what-early-stage-founders-spend-way-too-much-time-on,Read full article→,/post/when-branding-does-and-doesnt-matter,/post/when-branding-does-and-doesnt-matter,INTERNAL,200,
/post/what-early-stage-founders-spend-way-too-much-time-on,,/post/the-tech-stack-we-actually-recommend,/post/the-tech-stack-we-actually-recommend,INTERNAL,200,
/post/what-early-stage-founders-spend-way-too-much-time-on,The Tech Stack We Actually Recommend,/post/the-tech-stack-we-actually-recommend,/post/the-tech-stack-we-actually-recommend,INTERNAL,200,
/post/what-early-stage-founders-spend-way-too-much-time-on,Read full article→,/post/the-tech-stack-we-actually-recommend,/post/the-tech-stack-we-actually-recommend,INTERNAL,200,
/post/what-early-stage-founders-spend-way-too-much-time-on,About,/about,/about,INTERNAL,200,
/post/what-early-stage-founders-spend-way-too-much-time-on,What we do,/#what-we-do,/,INTERNAL,200,
/post/what-early-stage-founders-spend-way-too-much-time-on,Work / Case studies,/work,/work,INTERNAL,200,
/post/what-early-stage-founders-spend-way-too-much-time-on,Brand Credibility Scorecard,/scorecard,/scorecard,INTERNAL,200,
/post/what-early-stage-founders-spend-way-too-much-time-on,Contact,/contact,/contact,INTERNAL,200,
/post/what-early-stage-founders-spend-way-too-much-time-on,LinkedIn,https://www.linkedin.com/company/nexubis/,,EXTERNAL,,
/post/what-early-stage-founders-spend-way-too-much-time-on,Instagram,https://www.instagram.com/nexubis.design/,,EXTERNAL,,
/post/when-branding-does-and-doesnt-matter,,/,/,INTERNAL,200,
/post/when-branding-does-and-doesnt-matter,Altify,/work/altify,/work/altify,INTERNAL,200,
/post/when-branding-does-and-doesnt-matter,Circuit,/work/circuit,/work/circuit,INTERNAL,200,
/post/when-branding-does-and-doesnt-matter,Oxipack,/work/oxipack,/work/oxipack,INTERNAL,200,
/post/when-branding-does-and-doesnt-matter,Packages,/packages,/packages,INTERNAL,200,
/post/when-branding-does-and-doesnt-matter,Dreamlab,/blog,/blog,INTERNAL,200,
/post/when-branding-does-and-doesnt-matter,Book an application callBook a Call,/contact,/contact,INTERNAL,200,
/post/when-branding-does-and-doesnt-matter,Home,/,/,INTERNAL,200,
/post/when-branding-does-and-doesnt-matter,Dreamlab,/blog,/blog,INTERNAL,200,
/post/when-branding-does-and-doesnt-matter,Pricing,/packages,/packages,INTERNAL,200,
/post/when-branding-does-and-doesnt-matter,Altify,/work/altify,/work/altify,INTERNAL,200,
/post/when-branding-does-and-doesnt-matter,Circuit,/work/circuit,/work/circuit,INTERNAL,200,
/post/when-branding-does-and-doesnt-matter,Oxipack,/work/oxipack,/work/oxipack,INTERNAL,200,
/post/when-branding-does-and-doesnt-matter,,/post/building-fast-vs-building-right,/post/building-fast-vs-building-right,INTERNAL,200,
/post/when-branding-does-and-doesnt-matter,Building Fast vs. Building Right,/post/building-fast-vs-building-right,/post/building-fast-vs-building-right,INTERNAL,200,
/post/when-branding-does-and-doesnt-matter,Read full article→,/post/building-fast-vs-building-right,/post/building-fast-vs-building-right,INTERNAL,200,
/post/when-branding-does-and-doesnt-matter,,/post/the-tech-stack-we-actually-recommend,/post/the-tech-stack-we-actually-recommend,INTERNAL,200,
/post/when-branding-does-and-doesnt-matter,The Tech Stack We Actually Recommend,/post/the-tech-stack-we-actually-recommend,/post/the-tech-stack-we-actually-recommend,INTERNAL,200,
/post/when-branding-does-and-doesnt-matter,Read full article→,/post/the-tech-stack-we-actually-recommend,/post/the-tech-stack-we-actually-recommend,INTERNAL,200,
/post/when-branding-does-and-doesnt-matter,,/post/what-early-stage-founders-spend-way-too-much-time-on,/post/what-early-stage-founders-spend-way-too-much-time-on,INTERNAL,200,
/post/when-branding-does-and-doesnt-matter,Startup Time Traps,/post/what-early-stage-founders-spend-way-too-much-time-on,/post/what-early-stage-founders-spend-way-too-much-time-on,INTERNAL,200,
/post/when-branding-does-and-doesnt-matter,Read full article→,/post/what-early-stage-founders-spend-way-too-much-time-on,/post/what-early-stage-founders-spend-way-too-much-time-on,INTERNAL,200,
/post/when-branding-does-and-doesnt-matter,About,/about,/about,INTERNAL,200,
/post/when-branding-does-and-doesnt-matter,What we do,/#what-we-do,/,INTERNAL,200,
/post/when-branding-does-and-doesnt-matter,Work / Case studies,/work,/work,INTERNAL,200,
/post/when-branding-does-and-doesnt-matter,Brand Credibility Scorecard,/scorecard,/scorecard,INTERNAL,200,
/post/when-branding-does-and-doesnt-matter,Contact,/contact,/contact,INTERNAL,200,
/post/when-branding-does-and-doesnt-matter,LinkedIn,https://www.linkedin.com/company/nexubis/,,EXTERNAL,,
/post/when-branding-does-and-doesnt-matter,Instagram,https://www.instagram.com/nexubis.design/,,EXTERNAL,,
/post/your-perception-is-your-reality,,/,/,INTERNAL,200,
/post/your-perception-is-your-reality,Altify,/work/altify,/work/altify,INTERNAL,200,
/post/your-perception-is-your-reality,Circuit,/work/circuit,/work/circuit,INTERNAL,200,
/post/your-perception-is-your-reality,Oxipack,/work/oxipack,/work/oxipack,INTERNAL,200,
/post/your-perception-is-your-reality,Packages,/packages,/packages,INTERNAL,200,
/post/your-perception-is-your-reality,Dreamlab,/blog,/blog,INTERNAL,200,
/post/your-perception-is-your-reality,Book an application callBook a Call,/contact,/contact,INTERNAL,200,
/post/your-perception-is-your-reality,Home,/,/,INTERNAL,200,
/post/your-perception-is-your-reality,Dreamlab,/blog,/blog,INTERNAL,200,
/post/your-perception-is-your-reality,Pricing,/packages,/packages,INTERNAL,200,
/post/your-perception-is-your-reality,Altify,/work/altify,/work/altify,INTERNAL,200,
/post/your-perception-is-your-reality,Circuit,/work/circuit,/work/circuit,INTERNAL,200,
/post/your-perception-is-your-reality,Oxipack,/work/oxipack,/work/oxipack,INTERNAL,200,
/post/your-perception-is-your-reality,,/post/metamorphosis,/post/metamorphosis,INTERNAL,200,
/post/your-perception-is-your-reality,Metamorphosis,/post/metamorphosis,/post/metamorphosis,INTERNAL,200,
/post/your-perception-is-your-reality,Read full article→,/post/metamorphosis,/post/metamorphosis,INTERNAL,200,
/post/your-perception-is-your-reality,,/post/beyond-the-eu30-000,/post/beyond-the-eu30-000,INTERNAL,200,
/post/your-perception-is-your-reality,Beyond the €30 000,/post/beyond-the-eu30-000,/post/beyond-the-eu30-000,INTERNAL,200,
/post/your-perception-is-your-reality,Read full article→,/post/beyond-the-eu30-000,/post/beyond-the-eu30-000,INTERNAL,200,
/post/your-perception-is-your-reality,,/post/the-cost-of-refusing-to-adapt,/post/the-cost-of-refusing-to-adapt,INTERNAL,200,
/post/your-perception-is-your-reality,The Cost of Refusing to Adapt,/post/the-cost-of-refusing-to-adapt,/post/the-cost-of-refusing-to-adapt,INTERNAL,200,
/post/your-perception-is-your-reality,Read full article→,/post/the-cost-of-refusing-to-adapt,/post/the-cost-of-refusing-to-adapt,INTERNAL,200,
/post/your-perception-is-your-reality,About,/about,/about,INTERNAL,200,
/post/your-perception-is-your-reality,What we do,/#what-we-do,/,INTERNAL,200,
/post/your-perception-is-your-reality,Work / Case studies,/work,/work,INTERNAL,200,
/post/your-perception-is-your-reality,Brand Credibility Scorecard,/scorecard,/scorecard,INTERNAL,200,
/post/your-perception-is-your-reality,Contact,/contact,/contact,INTERNAL,200,
/post/your-perception-is-your-reality,LinkedIn,https://www.linkedin.com/company/nexubis/,,EXTERNAL,,
/post/your-perception-is-your-reality,Instagram,https://www.instagram.com/nexubis.design/,,EXTERNAL,,
/post/youre-not-ready-for-whats-coming,,/,/,INTERNAL,200,
/post/youre-not-ready-for-whats-coming,Altify,/work/altify,/work/altify,INTERNAL,200,
/post/youre-not-ready-for-whats-coming,Circuit,/work/circuit,/work/circuit,INTERNAL,200,
/post/youre-not-ready-for-whats-coming,Oxipack,/work/oxipack,/work/oxipack,INTERNAL,200,
/post/youre-not-ready-for-whats-coming,Packages,/packages,/packages,INTERNAL,200,
/post/youre-not-ready-for-whats-coming,Dreamlab,/blog,/blog,INTERNAL,200,
/post/youre-not-ready-for-whats-coming,Book an application callBook a Call,/contact,/contact,INTERNAL,200,
/post/youre-not-ready-for-whats-coming,Home,/,/,INTERNAL,200,
/post/youre-not-ready-for-whats-coming,Dreamlab,/blog,/blog,INTERNAL,200,
/post/youre-not-ready-for-whats-coming,Pricing,/packages,/packages,INTERNAL,200,
/post/youre-not-ready-for-whats-coming,Altify,/work/altify,/work/altify,INTERNAL,200,
/post/youre-not-ready-for-whats-coming,Circuit,/work/circuit,/work/circuit,INTERNAL,200,
/post/youre-not-ready-for-whats-coming,Oxipack,/work/oxipack,/work/oxipack,INTERNAL,200,
/post/youre-not-ready-for-whats-coming,The New Creative Stack,/post/the-new-creative-stack,/post/the-new-creative-stack,INTERNAL,200,
/post/youre-not-ready-for-whats-coming,Automation Is Not the Enemy,/post/automation-is-not-the-enemy,/post/automation-is-not-the-enemy,INTERNAL,200,
/post/youre-not-ready-for-whats-coming,,/post/ai-is-not-a-phase-its-an-era,/post/ai-is-not-a-phase-its-an-era,INTERNAL,200,
/post/youre-not-ready-for-whats-coming,AI Is Not a Phase. It's an Era.,/post/ai-is-not-a-phase-its-an-era,/post/ai-is-not-a-phase-its-an-era,INTERNAL,200,
/post/youre-not-ready-for-whats-coming,Read full article→,/post/ai-is-not-a-phase-its-an-era,/post/ai-is-not-a-phase-its-an-era,INTERNAL,200,
/post/youre-not-ready-for-whats-coming,,/post/the-personal-belief-vs-ai-paradox,/post/the-personal-belief-vs-ai-paradox,INTERNAL,200,
/post/youre-not-ready-for-whats-coming,The Personal Belief vs. AI Paradox,/post/the-personal-belief-vs-ai-paradox,/post/the-personal-belief-vs-ai-paradox,INTERNAL,200,
/post/youre-not-ready-for-whats-coming,Read full article→,/post/the-personal-belief-vs-ai-paradox,/post/the-personal-belief-vs-ai-paradox,INTERNAL,200,
/post/youre-not-ready-for-whats-coming,,/post/the-builders-will-survive,/post/the-builders-will-survive,INTERNAL,200,
/post/youre-not-ready-for-whats-coming,The Builders Will Survive,/post/the-builders-will-survive,/post/the-builders-will-survive,INTERNAL,200,
/post/youre-not-ready-for-whats-coming,Read full article→,/post/the-builders-will-survive,/post/the-builders-will-survive,INTERNAL,200,
/post/youre-not-ready-for-whats-coming,About,/about,/about,INTERNAL,200,
/post/youre-not-ready-for-whats-coming,What we do,/#what-we-do,/,INTERNAL,200,
/post/youre-not-ready-for-whats-coming,Work / Case studies,/work,/work,INTERNAL,200,
/post/youre-not-ready-for-whats-coming,Brand Credibility Scorecard,/scorecard,/scorecard,INTERNAL,200,
/post/youre-not-ready-for-whats-coming,Contact,/contact,/contact,INTERNAL,200,
/post/youre-not-ready-for-whats-coming,LinkedIn,https://www.linkedin.com/company/nexubis/,,EXTERNAL,,
/post/youre-not-ready-for-whats-coming,Instagram,https://www.instagram.com/nexubis.design/,,EXTERNAL,,
/scorecard,,/,/,INTERNAL,200,
/scorecard,Altify,/work/altify,/work/altify,INTERNAL,200,
/scorecard,Circuit,/work/circuit,/work/circuit,INTERNAL,200,
/scorecard,Oxipack,/work/oxipack,/work/oxipack,INTERNAL,200,
/scorecard,Packages,/packages,/packages,INTERNAL,200,
/scorecard,Dreamlab,/blog,/blog,INTERNAL,200,
/scorecard,Book an application callBook a Call,/contact,/contact,INTERNAL,200,
/scorecard,Home,/,/,INTERNAL,200,
/scorecard,Dreamlab,/blog,/blog,INTERNAL,200,
/scorecard,Pricing,/packages,/packages,INTERNAL,200,
/scorecard,Altify,/work/altify,/work/altify,INTERNAL,200,
/scorecard,Circuit,/work/circuit,/work/circuit,INTERNAL,200,
/scorecard,Oxipack,/work/oxipack,/work/oxipack,INTERNAL,200,
/work,,/,/,INTERNAL,200,
/work,Altify,/work/altify,/work/altify,INTERNAL,200,
/work,Circuit,/work/circuit,/work/circuit,INTERNAL,200,
/work,Oxipack,/work/oxipack,/work/oxipack,INTERNAL,200,
/work,Packages,/packages,/packages,INTERNAL,200,
/work,Dreamlab,/blog,/blog,INTERNAL,200,
/work,Book an application callBook a Call,/contact,/contact,INTERNAL,200,
/work,Home,/,/,INTERNAL,200,
/work,Dreamlab,/blog,/blog,INTERNAL,200,
/work,Pricing,/packages,/packages,INTERNAL,200,
/work,Altify,/work/altify,/work/altify,INTERNAL,200,
/work,Circuit,/work/circuit,/work/circuit,INTERNAL,200,
/work,Oxipack,/work/oxipack,/work/oxipack,INTERNAL,200,
/work,Circuit Rebrand and Website launch,/work/circuit,/work/circuit,INTERNAL,200,
/work,Altify Merger Relaunch,/work/altify,/work/altify,INTERNAL,200,
/work,Oxipack Website Redesign and Rebuild,/work/oxipack,/work/oxipack,INTERNAL,200,
/work,About,/about,/about,INTERNAL,200,
/work,What we do,/#what-we-do,/,INTERNAL,200,
/work,Work / Case studies,/work,/work,INTERNAL,200,
/work,Brand Credibility Scorecard,/scorecard,/scorecard,INTERNAL,200,
/work,Contact,/contact,/contact,INTERNAL,200,
/work,LinkedIn,https://www.linkedin.com/company/nexubis/,,EXTERNAL,,
/work,Instagram,https://www.instagram.com/nexubis.design/,,EXTERNAL,,
/work/altify,,/,/,INTERNAL,200,
/work/altify,Altify,/work/altify,/work/altify,INTERNAL,200,
/work/altify,Circuit,/work/circuit,/work/circuit,INTERNAL,200,
/work/altify,Oxipack,/work/oxipack,/work/oxipack,INTERNAL,200,
/work/altify,Packages,/packages,/packages,INTERNAL,200,
/work/altify,Dreamlab,/blog,/blog,INTERNAL,200,
/work/altify,Book an application callBook a Call,/contact,/contact,INTERNAL,200,
/work/altify,Home,/,/,INTERNAL,200,
/work/altify,Dreamlab,/blog,/blog,INTERNAL,200,
/work/altify,Pricing,/packages,/packages,INTERNAL,200,
/work/altify,Altify,/work/altify,/work/altify,INTERNAL,200,
/work/altify,Circuit,/work/circuit,/work/circuit,INTERNAL,200,
/work/altify,Oxipack,/work/oxipack,/work/oxipack,INTERNAL,200,
/work/altify,,https://www.altify.app/,,EXTERNAL,,
/work/altify,,https://www.linkedin.com/company/altifyinvest/,,EXTERNAL,,
/work/altify,,https://x.com/Altifyinvest,,EXTERNAL,,
/work/altify,,https://www.facebook.com/AltifyInvest/,,EXTERNAL,,
/work/altify,Altify: Empowering NexubisRead the full story here→,/post/altify-empowering-nexubis,/post/altify-empowering-nexubis,INTERNAL,200,
/work/altify,"Circuit Rebrand and Website launchWeb3 recovery had no clear language. Complex custody mechanics, abstract failover logi",/work/circuit,/work/circuit,INTERNAL,200,
/work/altify,Oxipack Website Redesign and RebuildIndustrial brands often struggle to communicate innovation in a category known for c,/work/oxipack,/work/oxipack,INTERNAL,200,
/work/altify,About,/about,/about,INTERNAL,200,
/work/altify,What we do,/#what-we-do,/,INTERNAL,200,
/work/altify,Work / Case studies,/work,/work,INTERNAL,200,
/work/altify,Brand Credibility Scorecard,/scorecard,/scorecard,INTERNAL,200,
/work/altify,Contact,/contact,/contact,INTERNAL,200,
/work/altify,LinkedIn,https://www.linkedin.com/company/nexubis/,,EXTERNAL,,
/work/altify,Instagram,https://www.instagram.com/nexubis.design/,,EXTERNAL,,
/work/circuit,,/,/,INTERNAL,200,
/work/circuit,Altify,/work/altify,/work/altify,INTERNAL,200,
/work/circuit,Circuit,/work/circuit,/work/circuit,INTERNAL,200,
/work/circuit,Oxipack,/work/oxipack,/work/oxipack,INTERNAL,200,
/work/circuit,Packages,/packages,/packages,INTERNAL,200,
/work/circuit,Dreamlab,/blog,/blog,INTERNAL,200,
/work/circuit,Book an application callBook a Call,/contact,/contact,INTERNAL,200,
/work/circuit,Home,/,/,INTERNAL,200,
/work/circuit,Dreamlab,/blog,/blog,INTERNAL,200,
/work/circuit,Pricing,/packages,/packages,INTERNAL,200,
/work/circuit,Altify,/work/altify,/work/altify,INTERNAL,200,
/work/circuit,Circuit,/work/circuit,/work/circuit,INTERNAL,200,
/work/circuit,Oxipack,/work/oxipack,/work/oxipack,INTERNAL,200,
/work/circuit,,https://www.circuitsecurity.com/,,EXTERNAL,,
/work/circuit,,https://www.linkedin.com/company/circuitsecurity/,,EXTERNAL,,
/work/circuit,,https://x.com/CircuitSecurity,,EXTERNAL,,
/work/circuit,Circuit: Securing NexubisRead the full story here→,/post/circuit-securing-nexubis,/post/circuit-securing-nexubis,INTERNAL,200,
/work/circuit,"Altify Merger RelaunchTraditional investing is gated, complex, and built for the few. For most people, accessing high-pe",/work/altify,/work/altify,INTERNAL,200,
/work/circuit,Oxipack Website Redesign and RebuildIndustrial brands often struggle to communicate innovation in a category known for c,/work/oxipack,/work/oxipack,INTERNAL,200,
/work/circuit,About,/about,/about,INTERNAL,200,
/work/circuit,What we do,/#what-we-do,/,INTERNAL,200,
/work/circuit,Work / Case studies,/work,/work,INTERNAL,200,
/work/circuit,Brand Credibility Scorecard,/scorecard,/scorecard,INTERNAL,200,
/work/circuit,Contact,/contact,/contact,INTERNAL,200,
/work/circuit,LinkedIn,https://www.linkedin.com/company/nexubis/,,EXTERNAL,,
/work/circuit,Instagram,https://www.instagram.com/nexubis.design/,,EXTERNAL,,
/work/oxipack,,/,/,INTERNAL,200,
/work/oxipack,Altify,/work/altify,/work/altify,INTERNAL,200,
/work/oxipack,Circuit,/work/circuit,/work/circuit,INTERNAL,200,
/work/oxipack,Oxipack,/work/oxipack,/work/oxipack,INTERNAL,200,
/work/oxipack,Packages,/packages,/packages,INTERNAL,200,
/work/oxipack,Dreamlab,/blog,/blog,INTERNAL,200,
/work/oxipack,Book an application callBook a Call,/contact,/contact,INTERNAL,200,
/work/oxipack,Home,/,/,INTERNAL,200,
/work/oxipack,Dreamlab,/blog,/blog,INTERNAL,200,
/work/oxipack,Pricing,/packages,/packages,INTERNAL,200,
/work/oxipack,Altify,/work/altify,/work/altify,INTERNAL,200,
/work/oxipack,Circuit,/work/circuit,/work/circuit,INTERNAL,200,
/work/oxipack,Oxipack,/work/oxipack,/work/oxipack,INTERNAL,200,
/work/oxipack,,https://www.oxipack.com/,,EXTERNAL,,
/work/oxipack,,https://www.linkedin.com/company/oxipack/,,EXTERNAL,,
/work/oxipack,,https://x.com/Oxipack,,EXTERNAL,,
/work/oxipack,,https://www.facebook.com/OxipackLeakDetection?mibextid=LQQJ4d,,EXTERNAL,,
/work/oxipack,Oxipack: Funding NexubisRead the full story here→,/post/oxipack-empowering-nexubis,/post/oxipack-empowering-nexubis,INTERNAL,200,
/work/oxipack,"Circuit Rebrand and Website launchWeb3 recovery had no clear language. Complex custody mechanics, abstract failover logi",/work/circuit,/work/circuit,INTERNAL,200,
/work/oxipack,"Altify Merger RelaunchTraditional investing is gated, complex, and built for the few. For most people, accessing high-pe",/work/altify,/work/altify,INTERNAL,200,
/work/oxipack,About,/about,/about,INTERNAL,200,
/work/oxipack,What we do,/#what-we-do,/,INTERNAL,200,
/work/oxipack,Work / Case studies,/work,/work,INTERNAL,200,
/work/oxipack,Brand Credibility Scorecard,/scorecard,/scorecard,INTERNAL,200,
/work/oxipack,Contact,/contact,/contact,INTERNAL,200,
/work/oxipack,LinkedIn,https://www.linkedin.com/company/nexubis/,,EXTERNAL,,
/work/oxipack,Instagram,https://www.instagram.com/nexubis.design/,,EXTERNAL,,
